日期,降水量_mm,降雪量_mm,最高气温_°C,最低气温_°C,station_id
2010/1/1,0,0,-0.89,-1.5,GHCND:USW00094846
2010/1/2,0,0,-1.17,-1.67,GHCND:USW00094846
2010/1/3,0,0,-0.78,-1.83,GHCND:USW00094846
2010/1/4,0,0,-0.78,-1.39,GHCND:USW00094846
2010/1/5,0,0,-0.5,-1.06,GHCND:USW00094846
2010/1/6,0.03,3,-0.67,-1.22,GHCND:USW00094846
2010/1/7,0.6900000000000001,99,-0.56,-0.89,GHCND:USW00094846
2010/1/8,0.6900000000000001,89,-0.28,-1.17,GHCND:USW00094846
2010/1/9,0,0,-0.56,-1.44,GHCND:USW00094846
2010/1/10,0,0,-0.78,-1.78,GHCND:USW00094846
2010/1/11,0,0,-0.33,-0.94,GHCND:USW00094846
2010/1/12,0,0,-0.06,-0.67,GHCND:USW00094846
2010/1/13,0,0,0.17,-0.72,GHCND:USW00094846
2010/1/14,0,0,0.44000000000000006,-0.06,GHCND:USW00094846
2010/1/15,0,0,0.11000000000000001,-0.39,GHCND:USW00094846
2010/1/16,0,0,-0.28,-0.5,GHCND:USW00094846
2010/1/17,0,0,-0.17,-0.72,GHCND:USW00094846
2010/1/18,0,0,-0.06,-0.28,GHCND:USW00094846
2010/1/19,0,0,0.33,-0.28,GHCND:USW00094846
2010/1/20,0.03,0,0.06,-0.44,GHCND:USW00094846
2010/1/21,0.2,0,0.17,-0.11,GHCND:USW00094846
2010/1/22,0,0,0.17,0.06,GHCND:USW00094846
2010/1/23,0,0,0.67,0.11000000000000001,GHCND:USW00094846
2010/1/24,1.2400000000000002,0,0.78,-0.11,GHCND:USW00094846
2010/1/25,0,13,0,-0.72,GHCND:USW00094846
2010/1/26,0,5,-0.44,-1.11,GHCND:USW00094846
2010/1/27,0,23,-0.5,-1.28,GHCND:USW00094846
2010/1/28,0,0,-0.83,-1.44,GHCND:USW00094846
2010/1/29,0,0,-0.61,-1.5,GHCND:USW00094846
2010/1/30,0,0,-0.39,-0.78,GHCND:USW00094846
2010/1/31,0,0,-0.17,-0.94,GHCND:USW00094846
2010/2/1,0,0,-0.11,-1,GHCND:USW00094846
2010/2/2,0.25,53,0,-0.39,GHCND:USW00094846
2010/2/3,0,0,0,-0.5,GHCND:USW00094846
2010/2/4,0,0,0.06,-0.61,GHCND:USW00094846
2010/2/5,0.05,5,0.17,-0.11,GHCND:USW00094846
2010/2/6,0,0,-0.06,-0.39,GHCND:USW00094846
2010/2/7,0,0,-0.06,-0.5,GHCND:USW00094846
2010/2/8,0,0,-0.11,-0.67,GHCND:USW00094846
2010/2/9,1.6500000000000001,320,-0.22,-0.5,GHCND:USW00094846
2010/2/10,0.05,8,-0.33,-0.83,GHCND:USW00094846
2010/2/11,0,0,-0.11,-1.22,GHCND:USW00094846
2010/2/12,0,0,0,-1.22,GHCND:USW00094846
2010/2/13,0,0,-0.11,-1.17,GHCND:USW00094846
2010/2/14,0,0,-0.17,-1.28,GHCND:USW00094846
2010/2/15,0,8,-0.22,-1.44,GHCND:USW00094846
2010/2/16,0,0,0,-0.39,GHCND:USW00094846
2010/2/17,0,0,0,-0.33,GHCND:USW00094846
2010/2/18,0,0,0.39,-0.39,GHCND:USW00094846
2010/2/19,0,0,0.5599999999999999,-0.72,GHCND:USW00094846
2010/2/20,0.03,5,0.39,-0.11,GHCND:USW00094846
2010/2/21,0.91,51,0.22000000000000003,0.06,GHCND:USW00094846
2010/2/22,0.36000000000000004,28,0.06,-0.17,GHCND:USW00094846
2010/2/23,0,0,0.06,-0.56,GHCND:USW00094846
2010/2/24,0.86,91,-0.17,-0.61,GHCND:USW00094846
2010/2/25,0,0,-0.22,-0.78,GHCND:USW00094846
2010/2/26,0,0,-0.06,-0.83,GHCND:USW00094846
2010/2/27,0,3,0.11000000000000001,-0.22,GHCND:USW00094846
2010/2/28,0,0,0.33,0,GHCND:USW00094846
2010/3/1,0,0,0.22000000000000003,-0.28,GHCND:USW00094846
2010/3/2,0,0,0.06,-0.5,GHCND:USW00094846
2010/3/3,0,0,0.39,-0.44,GHCND:USW00094846
2010/3/4,0,0,0.5599999999999999,-0.56,GHCND:USW00094846
2010/3/5,0,0,0.33,-0.5,GHCND:USW00094846
2010/3/6,0,0,0.7200000000000001,-0.67,GHCND:USW00094846
2010/3/7,0.08,0,0.78,-0.33,GHCND:USW00094846
2010/3/8,0,0,0.67,0.06,GHCND:USW00094846
2010/3/9,0.03,0,1.06,0,GHCND:USW00094846
2010/3/10,0.18000000000000002,0,1.67,0.78,GHCND:USW00094846
2010/3/11,0.86,0,1.56,0.67,GHCND:USW00094846
2010/3/12,0.03,0,1.2800000000000002,0.44000000000000006,GHCND:USW00094846
2010/3/13,1.55,0,0.7200000000000001,0.5,GHCND:USW00094846
2010/3/14,0,0,1,0.44000000000000006,GHCND:USW00094846
2010/3/15,0,0,0.8900000000000001,0.39,GHCND:USW00094846
2010/3/16,0,0,1.6100000000000003,0.17,GHCND:USW00094846
2010/3/17,0,0,1.72,0,GHCND:USW00094846
2010/3/18,0,0,1.6100000000000003,0.5,GHCND:USW00094846
2010/3/19,0,0,1.83,0.39,GHCND:USW00094846
2010/3/20,1.07,46,0.39,-0.06,GHCND:USW00094846
2010/3/21,0.05,0,0.5599999999999999,0.06,GHCND:USW00094846
2010/3/22,0,0,0.9400000000000001,0.11000000000000001,GHCND:USW00094846
2010/3/23,0,0,1.5,-0.22,GHCND:USW00094846
2010/3/24,0,0,1.17,0.17,GHCND:USW00094846
2010/3/25,0.08,0,0.8300000000000001,-0.17,GHCND:USW00094846
2010/3/26,0,0,0.5,-0.28,GHCND:USW00094846
2010/3/27,0.03,0,1,-0.06,GHCND:USW00094846
2010/3/28,0,0,1.11,0.27999999999999997,GHCND:USW00094846
2010/3/29,0,0,0.78,-0.11,GHCND:USW00094846
2010/3/30,0,0,1.7800000000000002,-0.17,GHCND:USW00094846
2010/3/31,0,0,2.5,1.06,GHCND:USW00094846
2010/4/1,0,0,2.83,1.22,GHCND:USW00094846
2010/4/2,0,0,2.72,1.5,GHCND:USW00094846
2010/4/3,0.45999999999999996,0,1.5,0.9400000000000001,GHCND:USW00094846
2010/4/4,2.0300000000000002,0,2.44,0.39,GHCND:USW00094846
2010/4/5,2.08,0,2.22,1,GHCND:USW00094846
2010/4/6,0.9400000000000001,0,2.44,0.8300000000000001,GHCND:USW00094846
2010/4/7,0.33,0,0.9400000000000001,0.27999999999999997,GHCND:USW00094846
2010/4/8,0,0,0.44000000000000006,0.11000000000000001,GHCND:USW00094846
2010/4/9,0,0,1.33,-0.11,GHCND:USW00094846
2010/4/10,0,0,2.33,0.33,GHCND:USW00094846
2010/4/11,0,0,1.72,0.67,GHCND:USW00094846
2010/4/12,0.03,0,2.1100000000000003,0.67,GHCND:USW00094846
2010/4/13,0,0,1.72,0.8900000000000001,GHCND:USW00094846
2010/4/14,0,0,2.67,0.78,GHCND:USW00094846
2010/4/15,0,0,2.7800000000000002,1.6100000000000003,GHCND:USW00094846
2010/4/16,0,0,2,0.39,GHCND:USW00094846
2010/4/17,0,0,1.5,0.27999999999999997,GHCND:USW00094846
2010/4/18,0,0,1.11,0.22000000000000003,GHCND:USW00094846
2010/4/19,0,0,1.33,0.17,GHCND:USW00094846
2010/4/20,0,0,1.7800000000000002,0.33,GHCND:USW00094846
2010/4/21,0,0,1.67,0.5,GHCND:USW00094846
2010/4/22,0,0,1.56,0.33,GHCND:USW00094846
2010/4/23,0.18000000000000002,0,1.72,0.5,GHCND:USW00094846
2010/4/24,0.66,0,1.56,1.06,GHCND:USW00094846
2010/4/25,0.79,0,1.56,0.8300000000000001,GHCND:USW00094846
2010/4/26,0,0,1.72,0.8300000000000001,GHCND:USW00094846
2010/4/27,0,0,1.06,0.27999999999999997,GHCND:USW00094846
2010/4/28,0,0,1.7800000000000002,0.06,GHCND:USW00094846
2010/4/29,0,0,2.6100000000000003,0.78,GHCND:USW00094846
2010/4/30,0.15000000000000002,0,2.72,1.67,GHCND:USW00094846
2010/5/1,0.27999999999999997,0,2.1100000000000003,1.4400000000000002,GHCND:USW00094846
2010/5/2,2.3600000000000003,0,2.06,1.17,GHCND:USW00094846
2010/5/3,0,0,2.22,1,GHCND:USW00094846
2010/5/4,0,0,2.6100000000000003,1,GHCND:USW00094846
2010/5/5,0,0,2.22,1.33,GHCND:USW00094846
2010/5/6,0.03,0,1.72,0.78,GHCND:USW00094846
2010/5/7,1.83,0,1.5,0.7200000000000001,GHCND:USW00094846
2010/5/8,0.05,0,1,0.5599999999999999,GHCND:USW00094846
2010/5/9,0,0,1.4400000000000002,0.33,GHCND:USW00094846
2010/5/10,0,0,1.4400000000000002,0.5,GHCND:USW00094846
2010/5/11,2.4600000000000004,0,1.11,0.67,GHCND:USW00094846
2010/5/12,0.30000000000000004,0,1.06,0.67,GHCND:USW00094846
2010/5/13,3.78,0,2.2800000000000002,0.8900000000000001,GHCND:USW00094846
2010/5/14,0,0,1.89,0.8300000000000001,GHCND:USW00094846
2010/5/15,0,0,1.6100000000000003,0.61,GHCND:USW00094846
2010/5/16,0,0,1.89,0.5,GHCND:USW00094846
2010/5/17,0.03,0,1.4400000000000002,1,GHCND:USW00094846
2010/5/18,0,0,1.83,0.78,GHCND:USW00094846
2010/5/19,0,0,2.33,0.67,GHCND:USW00094846
2010/5/20,0.13,0,2.33,0.8300000000000001,GHCND:USW00094846
2010/5/21,0.53,0,2.2800000000000002,1.33,GHCND:USW00094846
2010/5/22,0,0,2.33,1.4400000000000002,GHCND:USW00094846
2010/5/23,0,0,3.17,1.67,GHCND:USW00094846
2010/5/24,0,0,3.28,2.1100000000000003,GHCND:USW00094846
2010/5/25,0,0,3.1100000000000003,2.06,GHCND:USW00094846
2010/5/26,0,0,3.0600000000000005,1.89,GHCND:USW00094846
2010/5/27,0,0,2.5,1.6100000000000003,GHCND:USW00094846
2010/5/28,0,0,2.6100000000000003,1.3900000000000001,GHCND:USW00094846
2010/5/29,0,0,3,1.5,GHCND:USW00094846
2010/5/30,0,0,3.28,1.6100000000000003,GHCND:USW00094846
2010/5/31,0.66,0,2.72,1.89,GHCND:USW00094846
2010/6/1,0,0,2.94,1.72,GHCND:USW00094846
2010/6/2,2.59,0,2.5,1.3900000000000001,GHCND:USW00094846
2010/6/3,0,0,2.17,1.33,GHCND:USW00094846
2010/6/4,0,0,2.83,1.3900000000000001,GHCND:USW00094846
2010/6/5,0.38,0,2.6100000000000003,1.56,GHCND:USW00094846
2010/6/6,0,0,2.44,1.2800000000000002,GHCND:USW00094846
2010/6/7,0,0,2.1100000000000003,1.22,GHCND:USW00094846
2010/6/8,1.1400000000000001,0,1.94,1.4400000000000002,GHCND:USW00094846
2010/6/9,0,0,2.83,1.83,GHCND:USW00094846
2010/6/10,0,0,2.5,1.4400000000000002,GHCND:USW00094846
2010/6/11,0.05,0,3.17,1.7800000000000002,GHCND:USW00094846
2010/6/12,0.86,0,2.5,1.67,GHCND:USW00094846
2010/6/13,0.6400000000000001,0,2.17,1.67,GHCND:USW00094846
2010/6/14,0,0,2.1100000000000003,1.56,GHCND:USW00094846
2010/6/15,1.5,0,2.6100000000000003,1.56,GHCND:USW00094846
2010/6/16,0,0,2.7800000000000002,1.72,GHCND:USW00094846
2010/6/17,0,0,2.89,1.7800000000000002,GHCND:USW00094846
2010/6/18,2.2100000000000004,0,3.2200000000000006,1.94,GHCND:USW00094846
2010/6/19,0,0,2.94,1.89,GHCND:USW00094846
2010/6/20,0,0,2.72,1.7800000000000002,GHCND:USW00094846
2010/6/21,0.5599999999999999,0,2.94,1.94,GHCND:USW00094846
2010/6/22,0,0,2.94,2.06,GHCND:USW00094846
2010/6/23,2.2100000000000004,0,3.0600000000000005,2.06,GHCND:USW00094846
2010/6/24,0,0,2.89,1.83,GHCND:USW00094846
2010/6/25,0,0,2.89,1.67,GHCND:USW00094846
2010/6/26,2.16,0,3.0600000000000005,2.06,GHCND:USW00094846
2010/6/27,1.37,0,2.94,2.22,GHCND:USW00094846
2010/6/28,0,0,2.7800000000000002,1.72,GHCND:USW00094846
2010/6/29,0,0,2.39,1.5,GHCND:USW00094846
2010/6/30,0,0,2.39,1.33,GHCND:USW00094846
2010/7/1,0,0,2.5,1.2800000000000002,GHCND:USW00094846
2010/7/2,0,0,2.83,1.5,GHCND:USW00094846
2010/7/3,0,0,3.0600000000000005,1.56,GHCND:USW00094846
2010/7/4,0,0,3.28,2,GHCND:USW00094846
2010/7/5,0,0,3.28,2.5600000000000005,GHCND:USW00094846
2010/7/6,0.9400000000000001,0,3.2200000000000006,2.2800000000000002,GHCND:USW00094846
2010/7/7,0.51,0,3.39,2.17,GHCND:USW00094846
2010/7/8,0.41,0,3.1100000000000003,2.2800000000000002,GHCND:USW00094846
2010/7/9,0,0,3.1100000000000003,2.1100000000000003,GHCND:USW00094846
2010/7/10,0,0,3.17,2.06,GHCND:USW00094846
2010/7/11,2.0100000000000002,0,2.94,1.89,GHCND:USW00094846
2010/7/12,0,0,2.89,1.83,GHCND:USW00094846
2010/7/13,0.43,0,2.89,2.1100000000000003,GHCND:USW00094846
2010/7/14,0,0,3.2200000000000006,2.1100000000000003,GHCND:USW00094846
2010/7/15,0.03,0,3.2200000000000006,2.17,GHCND:USW00094846
2010/7/16,0,0,3.2200000000000006,1.94,GHCND:USW00094846
2010/7/17,0,0,3.39,2.17,GHCND:USW00094846
2010/7/18,0.03,0,3.33,2.22,GHCND:USW00094846
2010/7/19,0.03,0,2.89,2.06,GHCND:USW00094846
2010/7/20,0,0,3,2,GHCND:USW00094846
2010/7/21,0,0,3.28,2.22,GHCND:USW00094846
2010/7/22,0.03,0,3.2200000000000006,2.06,GHCND:USW00094846
2010/7/23,7.090000000000001,0,3.44,2.1100000000000003,GHCND:USW00094846
2010/7/24,9.25,0,3.0600000000000005,2.06,GHCND:USW00094846
2010/7/25,0,0,2.72,1.89,GHCND:USW00094846
2010/7/26,0,0,2.89,1.6100000000000003,GHCND:USW00094846
2010/7/27,0,0,3.1100000000000003,2,GHCND:USW00094846
2010/7/28,0,0,3.1100000000000003,2.2800000000000002,GHCND:USW00094846
2010/7/29,0,0,2.7800000000000002,1.94,GHCND:USW00094846
2010/7/30,0,0,2.67,2.06,GHCND:USW00094846
2010/7/31,1.7300000000000002,0,2.67,1.83,GHCND:USW00094846
2010/8/1,0,0,3,1.83,GHCND:USW00094846
2010/8/2,0,0,2.89,1.94,GHCND:USW00094846
2010/8/3,0.71,0,3,1.89,GHCND:USW00094846
2010/8/4,1.22,0,2.83,2.17,GHCND:USW00094846
2010/8/5,0,0,2.83,2,GHCND:USW00094846
2010/8/6,0,0,2.7800000000000002,1.7800000000000002,GHCND:USW00094846
2010/8/7,0,0,2.83,1.67,GHCND:USW00094846
2010/8/8,0.2,0,3.0600000000000005,2.06,GHCND:USW00094846
2010/8/9,0.38,0,3.1100000000000003,2.22,GHCND:USW00094846
2010/8/10,0,0,3.17,2.39,GHCND:USW00094846
2010/8/11,0,0,3.2200000000000006,2.39,GHCND:USW00094846
2010/8/12,0,0,3.33,2.33,GHCND:USW00094846
2010/8/13,0.6400000000000001,0,3.33,2.2800000000000002,GHCND:USW00094846
2010/8/14,0,0,3.1100000000000003,2.22,GHCND:USW00094846
2010/8/15,0,0,2.83,1.89,GHCND:USW00094846
2010/8/16,0,0,2.67,1.72,GHCND:USW00094846
2010/8/17,0.08,0,2.6100000000000003,1.7800000000000002,GHCND:USW00094846
2010/8/18,0.13,0,2.89,1.72,GHCND:USW00094846
2010/8/19,0,0,3.1100000000000003,1.89,GHCND:USW00094846
2010/8/20,0.08,0,3.33,2.17,GHCND:USW00094846
2010/8/21,1.1400000000000001,0,3,2.17,GHCND:USW00094846
2010/8/22,0,0,2.72,2,GHCND:USW00094846
2010/8/23,0,0,2.67,1.83,GHCND:USW00094846
2010/8/24,0,0,2.89,1.7800000000000002,GHCND:USW00094846
2010/8/25,0,0,2.6100000000000003,1.6100000000000003,GHCND:USW00094846
2010/8/26,0,0,2.6100000000000003,1.5,GHCND:USW00094846
2010/8/27,0,0,3,1.5,GHCND:USW00094846
2010/8/28,0,0,3.1100000000000003,1.83,GHCND:USW00094846
2010/8/29,0,0,3.44,2.17,GHCND:USW00094846
2010/8/30,0,0,3.1100000000000003,2.33,GHCND:USW00094846
2010/8/31,0,0,3.39,2.39,GHCND:USW00094846
2010/9/1,0.43,0,2.72,2.17,GHCND:USW00094846
2010/9/2,3.94,0,2.83,1.83,GHCND:USW00094846
2010/9/3,0,0,2.1100000000000003,1.33,GHCND:USW00094846
2010/9/4,0,0,2,1.06,GHCND:USW00094846
2010/9/5,0,0,2.44,0.9400000000000001,GHCND:USW00094846
2010/9/6,0,0,2.7800000000000002,1.89,GHCND:USW00094846
2010/9/7,0,0,2.5,1.4400000000000002,GHCND:USW00094846
2010/9/8,0,0,2.17,1.06,GHCND:USW00094846
2010/9/9,0,0,1.94,1,GHCND:USW00094846
2010/9/10,0,0,2.22,1.2800000000000002,GHCND:USW00094846
2010/9/11,0.61,0,2.39,1.4400000000000002,GHCND:USW00094846
2010/9/12,0,0,2.83,1.22,GHCND:USW00094846
2010/9/13,0,0,2.7800000000000002,1.3900000000000001,GHCND:USW00094846
2010/9/14,0,0,2.5,1.22,GHCND:USW00094846
2010/9/15,0,0,2.39,1.5,GHCND:USW00094846
2010/9/16,0.41,0,2.06,1.17,GHCND:USW00094846
2010/9/17,0,0,2.33,0.9400000000000001,GHCND:USW00094846
2010/9/18,0.8900000000000001,0,1.83,1.4400000000000002,GHCND:USW00094846
2010/9/19,0,0,1.94,1.2800000000000002,GHCND:USW00094846
2010/9/20,0,0,2.39,1.67,GHCND:USW00094846
2010/9/21,0.13,0,3.1100000000000003,2,GHCND:USW00094846
2010/9/22,0,0,2.33,1.72,GHCND:USW00094846
2010/9/23,0,0,3.17,1.83,GHCND:USW00094846
2010/9/24,0.66,0,2.67,1.33,GHCND:USW00094846
2010/9/25,0,0,1.56,1.11,GHCND:USW00094846
2010/9/26,0,0,1.56,1,GHCND:USW00094846
2010/9/27,0,0,1.83,0.8900000000000001,GHCND:USW00094846
2010/9/28,0,0,2.17,0.78,GHCND:USW00094846
2010/9/29,0,0,2.39,1.11,GHCND:USW00094846
2010/9/30,0,0,2.33,1.11,GHCND:USW00094846
2010/10/1,0.2,0,2.2800000000000002,0.8900000000000001,GHCND:USW00094846
2010/10/2,0.66,0,1.3900000000000001,0.7200000000000001,GHCND:USW00094846
2010/10/3,0.2,0,1.33,0.5599999999999999,GHCND:USW00094846
2010/10/4,0,0,1.56,0.33,GHCND:USW00094846
2010/10/5,0,0,2,0.39,GHCND:USW00094846
2010/10/6,0,0,2.5600000000000005,0.78,GHCND:USW00094846
2010/10/7,0,0,2.44,0.9400000000000001,GHCND:USW00094846
2010/10/8,0,0,2.6100000000000003,0.8900000000000001,GHCND:USW00094846
2010/10/9,0,0,3,1.2800000000000002,GHCND:USW00094846
2010/10/10,0,0,2.89,1.3900000000000001,GHCND:USW00094846
2010/10/11,0,0,2.7800000000000002,1.22,GHCND:USW00094846
2010/10/12,0,0,2.44,1.11,GHCND:USW00094846
2010/10/13,0.25,0,1.89,0.8300000000000001,GHCND:USW00094846
2010/10/14,0,0,1.89,0.61,GHCND:USW00094846
2010/10/15,0,0,1.72,0.67,GHCND:USW00094846
2010/10/16,0,0,2.17,0.44000000000000006,GHCND:USW00094846
2010/10/17,0,0,1.83,0.8300000000000001,GHCND:USW00094846
2010/10/18,0,0,1.6100000000000003,0.61,GHCND:USW00094846
2010/10/19,0,0,1.56,0.39,GHCND:USW00094846
2010/10/20,0,0,2.1100000000000003,0.67,GHCND:USW00094846
2010/10/21,0,0,1.33,0.33,GHCND:USW00094846
2010/10/22,0.05,0,1.7800000000000002,0.06,GHCND:USW00094846
2010/10/23,0.25,0,1.83,1.22,GHCND:USW00094846
2010/10/24,0.13,0,2.22,1.22,GHCND:USW00094846
2010/10/25,0,0,2.22,1.33,GHCND:USW00094846
2010/10/26,0.61,0,2.1100000000000003,1.22,GHCND:USW00094846
2010/10/27,0,0,1.83,0.61,GHCND:USW00094846
2010/10/28,0,0,0.78,0.39,GHCND:USW00094846
2010/10/29,0,0,1,-0.06,GHCND:USW00094846
2010/10/30,0,0,1.72,0.5599999999999999,GHCND:USW00094846
2010/10/31,0,0,1.11,0.22000000000000003,GHCND:USW00094846
2010/11/1,0,0,1.22,0,GHCND:USW00094846
2010/11/2,0,0,1.11,0,GHCND:USW00094846
2010/11/3,0.03,0,1.22,-0.06,GHCND:USW00094846
2010/11/4,0.03,0,1.06,0.33,GHCND:USW00094846
2010/11/5,0,0,0.44000000000000006,-0.22,GHCND:USW00094846
2010/11/6,0,0,0.78,-0.39,GHCND:USW00094846
2010/11/7,0,0,1.5,0.17,GHCND:USW00094846
2010/11/8,0,0,1.94,0.33,GHCND:USW00094846
2010/11/9,0,0,2.06,0.44000000000000006,GHCND:USW00094846
2010/11/10,0,0,2,0.61,GHCND:USW00094846
2010/11/11,0.86,0,1.94,0.78,GHCND:USW00094846
2010/11/12,0,0,1.33,0.8900000000000001,GHCND:USW00094846
2010/11/13,0.08,0,1.3900000000000001,0.39,GHCND:USW00094846
2010/11/14,0.2,0,0.8900000000000001,0.27999999999999997,GHCND:USW00094846
2010/11/15,0,0,1.06,0,GHCND:USW00094846
2010/11/16,0,0,1,0,GHCND:USW00094846
2010/11/17,0,0,0.8300000000000001,0.27999999999999997,GHCND:USW00094846
2010/11/18,0,0,0.39,-0.33,GHCND:USW00094846
2010/11/19,0,0,1.06,-0.39,GHCND:USW00094846
2010/11/20,0,0,0.61,-0.11,GHCND:USW00094846
2010/11/21,0,0,1.56,0.5,GHCND:USW00094846
2010/11/22,3.48,0,1.94,0.39,GHCND:USW00094846
2010/11/23,0,0,0.39,-0.33,GHCND:USW00094846
2010/11/24,0.33,0,0.44000000000000006,-0.39,GHCND:USW00094846
2010/11/25,0.03,0,0.39,-0.61,GHCND:USW00094846
2010/11/26,0,0,0,-0.78,GHCND:USW00094846
2010/11/27,0,0,0.11000000000000001,-0.61,GHCND:USW00094846
2010/11/28,0,0,0.78,-0.56,GHCND:USW00094846
2010/11/29,1.3,0,0.9400000000000001,0.06,GHCND:USW00094846
2010/11/30,0.05,0,0.9400000000000001,-0.39,GHCND:USW00094846
2010/12/1,0,3,-0.33,-0.56,GHCND:USW00094846
2010/12/2,0,0,0.06,-0.56,GHCND:USW00094846
2010/12/3,0,0,-0.06,-0.78,GHCND:USW00094846
2010/12/4,1.2400000000000002,130,0,-0.5,GHCND:USW00094846
2010/12/5,0,0,-0.33,-1.11,GHCND:USW00094846
2010/12/6,0,0,-0.67,-1.33,GHCND:USW00094846
2010/12/7,0,0,-0.67,-1.17,GHCND:USW00094846
2010/12/8,0,0,-0.39,-1.39,GHCND:USW00094846
2010/12/9,0.08,20,-0.17,-1.5,GHCND:USW00094846
2010/12/10,0,0,0.27999999999999997,-0.5,GHCND:USW00094846
2010/12/11,1.1400000000000001,8,0.22000000000000003,-0.44,GHCND:USW00094846
2010/12/12,0.1,15,-0.06,-1.11,GHCND:USW00094846
2010/12/13,0,0,-0.89,-1.39,GHCND:USW00094846
2010/12/14,0,0,-0.61,-1.44,GHCND:USW00094846
2010/12/15,0,0,-0.39,-1.67,GHCND:USW00094846
2010/12/16,0.03,18,-0.28,-0.67,GHCND:USW00094846
2010/12/17,0,0,-0.56,-1.06,GHCND:USW00094846
2010/12/18,0,0,-0.72,-1.22,GHCND:USW00094846
2010/12/19,0,0,-0.61,-1.33,GHCND:USW00094846
2010/12/20,0.51,76,-0.28,-1.44,GHCND:USW00094846
2010/12/21,0.05,0,-0.06,-0.33,GHCND:USW00094846
2010/12/22,0,0,0.17,-0.78,GHCND:USW00094846
2010/12/23,0,0,-0.17,-0.72,GHCND:USW00094846
2010/12/24,0.51,48,0,-0.28,GHCND:USW00094846
2010/12/25,0.15000000000000002,23,-0.06,-0.67,GHCND:USW00094846
2010/12/26,0.43,71,0.06,-0.72,GHCND:USW00094846
2010/12/27,0,0,-0.56,-1.17,GHCND:USW00094846
2010/12/28,0,0,-0.28,-1.11,GHCND:USW00094846
2010/12/29,0.03,0,0.22000000000000003,-1.28,GHCND:USW00094846
2010/12/30,0,0,0.78,0.11000000000000001,GHCND:USW00094846
2010/12/31,1.7000000000000002,0,1.17,0.5,GHCND:USW00094846
2011/1/1,0,0,0.5,-1,GHCND:USW00094846
2011/1/2,0,0,-0.44,-1.11,GHCND:USW00094846
2011/1/3,0,0,0.22000000000000003,-0.56,GHCND:USW00094846
2011/1/4,0,0,-0.11,-1.06,GHCND:USW00094846
2011/1/5,0,0,-0.06,-1.33,GHCND:USW00094846
2011/1/6,0,0,-0.22,-0.78,GHCND:USW00094846
2011/1/7,0.05,15,-0.56,-1.11,GHCND:USW00094846
2011/1/8,0,0,-0.44,-1.28,GHCND:USW00094846
2011/1/9,0,0,-0.06,-1.28,GHCND:USW00094846
2011/1/10,0,0,0.06,-0.78,GHCND:USW00094846
2011/1/11,0.79,150,-0.28,-0.56,GHCND:USW00094846
2011/1/12,0,0,-0.33,-0.67,GHCND:USW00094846
2011/1/13,0,0,-0.44,-0.94,GHCND:USW00094846
2011/1/14,0.03,3,-0.44,-0.89,GHCND:USW00094846
2011/1/15,0,0,-0.44,-1.06,GHCND:USW00094846
2011/1/16,0,0,-0.56,-1.44,GHCND:USW00094846
2011/1/17,0.79,23,0,-0.78,GHCND:USW00094846
2011/1/18,0.25,8,0,-0.72,GHCND:USW00094846
2011/1/19,0,0,-0.5,-0.94,GHCND:USW00094846
2011/1/20,0,0,-0.72,-1.5,GHCND:USW00094846
2011/1/21,0,0,-1.33,-2,GHCND:USW00094846
2011/1/22,0.03,18,-0.83,-1.5,GHCND:USW00094846
2011/1/23,0.03,8,-0.67,-1.56,GHCND:USW00094846
2011/1/24,0.08,13,-0.28,-0.94,GHCND:USW00094846
2011/1/25,0,0,-0.17,-0.61,GHCND:USW00094846
2011/1/26,0,5,-0.22,-0.78,GHCND:USW00094846
2011/1/27,0.08,15,-0.39,-0.83,GHCND:USW00094846
2011/1/28,0,0,-0.06,-0.72,GHCND:USW00094846
2011/1/29,0,0,0.06,-0.33,GHCND:USW00094846
2011/1/30,0,0,-0.11,-0.33,GHCND:USW00094846
2011/1/31,0.22999999999999998,25,-0.33,-0.67,GHCND:USW00094846
2011/2/1,1.8800000000000001,345,-0.5,-0.67,GHCND:USW00094846
2011/2/2,1.8800000000000001,168,-0.5,-1.5,GHCND:USW00094846
2011/2/3,0,0,-0.89,-2.11,GHCND:USW00094846
2011/2/4,0,0,-0.39,-1.5,GHCND:USW00094846
2011/2/5,0,0,-0.22,-1.56,GHCND:USW00094846
2011/2/6,0.51,66,0,-0.44,GHCND:USW00094846
2011/2/7,0.33,81,0,-0.72,GHCND:USW00094846
2011/2/8,0,3,-0.67,-1.67,GHCND:USW00094846
2011/2/9,0,0,-1.11,-1.89,GHCND:USW00094846
2011/2/10,0,0,-0.89,-2.28,GHCND:USW00094846
2011/2/11,0,0,-0.11,-1.5,GHCND:USW00094846
2011/2/12,0,0,0.27999999999999997,-0.44,GHCND:USW00094846
2011/2/13,0,0,0.7200000000000001,0,GHCND:USW00094846
2011/2/14,0,0,0.5599999999999999,-0.33,GHCND:USW00094846
2011/2/15,0,0,0.33,-0.5,GHCND:USW00094846
2011/2/16,0,0,0.9400000000000001,0.27999999999999997,GHCND:USW00094846
2011/2/17,0,0,1.33,0.8300000000000001,GHCND:USW00094846
2011/2/18,0,0,1,0.06,GHCND:USW00094846
2011/2/19,0,0,0.17,-0.39,GHCND:USW00094846
2011/2/20,2.41,0,0.22000000000000003,-0.22,GHCND:USW00094846
2011/2/21,0,0,0.06,-0.39,GHCND:USW00094846
2011/2/22,0.08,15,-0.28,-0.5,GHCND:USW00094846
2011/2/23,0.27999999999999997,8,0.06,-0.44,GHCND:USW00094846
2011/2/24,0,0,0.22000000000000003,0,GHCND:USW00094846
2011/3/27,0,0,0.17,-0.5,GHCND:USW00094846
2011/3/28,0,0,0.22000000000000003,-0.61,GHCND:USW00094846
2011/3/29,0,0,0.5599999999999999,-0.44,GHCND:USW00094846
2011/3/30,0,0,0.7200000000000001,-0.33,GHCND:USW00094846
2011/3/31,0,0,0.8900000000000001,-0.5,GHCND:USW00094846
2011/4/1,0.45999999999999996,0,0.7200000000000001,-0.22,GHCND:USW00094846
2011/4/2,0,0,1.22,0.22000000000000003,GHCND:USW00094846
2011/4/3,0.33,0,2.22,0.17,GHCND:USW00094846
2011/4/4,0.27999999999999997,0,2,0.44000000000000006,GHCND:USW00094846
2011/4/5,0,0,1.17,0.06,GHCND:USW00094846
2011/4/6,0,0,1.5,0.5599999999999999,GHCND:USW00094846
2011/4/7,0.6400000000000001,0,0.78,0.39,GHCND:USW00094846
2011/4/8,1.3,0,0.7200000000000001,0.44000000000000006,GHCND:USW00094846
2011/4/9,0,0,1.89,0.67,GHCND:USW00094846
2011/4/10,0,0,2.83,1.33,GHCND:USW00094846
2011/4/11,0,0,1.94,0.67,GHCND:USW00094846
2011/4/12,0,0,1.4400000000000002,0.44000000000000006,GHCND:USW00094846
2011/4/13,0,0,2,0.22000000000000003,GHCND:USW00094846
2011/4/14,0,0,1.17,0.44000000000000006,GHCND:USW00094846
2011/4/15,0.86,0,1.06,0.27999999999999997,GHCND:USW00094846
2011/4/16,0.51,0,0.9400000000000001,0.17,GHCND:USW00094846
2011/4/17,0.2,0,1.17,0.17,GHCND:USW00094846
2011/4/18,1.2400000000000002,15,0.5,0,GHCND:USW00094846
2011/4/19,2.41,0,0.33,0.11000000000000001,GHCND:USW00094846
2011/4/20,0.03,0,0.61,0,GHCND:USW00094846
2011/4/21,0.08,0,1,0,GHCND:USW00094846
2011/4/22,1.42,0,0.78,0.39,GHCND:USW00094846
2011/4/23,0,0,1.7800000000000002,0.7200000000000001,GHCND:USW00094846
2011/4/24,0,0,1.33,0.7200000000000001,GHCND:USW00094846
2011/4/25,0.86,0,1.22,0.7200000000000001,GHCND:USW00094846
2011/4/26,0.97,0,2,0.8300000000000001,GHCND:USW00094846
2011/4/27,0.79,0,1.2800000000000002,0.61,GHCND:USW00094846
2011/4/28,0.08,0,0.7200000000000001,0.44000000000000006,GHCND:USW00094846
2011/4/29,0,0,1.67,0.22000000000000003,GHCND:USW00094846
2011/4/30,0,0,2.17,0.8900000000000001,GHCND:USW00094846
2011/5/1,0,0,1.72,0.8300000000000001,GHCND:USW00094846
2011/5/2,0,0,1.5,0.5599999999999999,GHCND:USW00094846
2011/5/3,0,0,1,0.27999999999999997,GHCND:USW00094846
2011/5/4,0,0,1.5,0.27999999999999997,GHCND:USW00094846
2011/5/5,0.15000000000000002,0,1.72,0.17,GHCND:USW00094846
2011/5/6,0,0,2,0.67,GHCND:USW00094846
2011/5/7,0,0,1.56,0.61,GHCND:USW00094846
2011/5/8,0,0,2,0.39,GHCND:USW00094846
2011/5/9,0,0,2.2800000000000002,0.8300000000000001,GHCND:USW00094846
2011/5/10,0,0,3.2200000000000006,1.67,GHCND:USW00094846
2011/5/11,0.33,0,3.0600000000000005,1.72,GHCND:USW00094846
2011/5/12,0.7400000000000001,0,3,1.4400000000000002,GHCND:USW00094846
2011/5/13,0.05,0,2.5,0.8300000000000001,GHCND:USW00094846
2011/5/14,0.79,0,1.17,0.7200000000000001,GHCND:USW00094846
2011/5/15,0.79,0,0.78,0.5,GHCND:USW00094846
2011/5/16,0,0,1.11,0.27999999999999997,GHCND:USW00094846
2011/5/17,0,0,1.56,0.44000000000000006,GHCND:USW00094846
2011/5/18,0.18000000000000002,0,1.3900000000000001,0.9400000000000001,GHCND:USW00094846
2011/5/19,0,0,2.22,0.9400000000000001,GHCND:USW00094846
2011/5/20,0,0,2.2800000000000002,1,GHCND:USW00094846
2011/5/21,0.03,0,2.39,1,GHCND:USW00094846
2011/5/22,1.47,0,3.0600000000000005,1.6100000000000003,GHCND:USW00094846
2011/5/23,0,0,2.6100000000000003,1.56,GHCND:USW00094846
2011/5/24,0.27999999999999997,0,1.89,0.8300000000000001,GHCND:USW00094846
2011/5/25,5.69,0,1.94,0.8300000000000001,GHCND:USW00094846
2011/5/26,2.69,0,0.9400000000000001,0.61,GHCND:USW00094846
2011/5/27,0,0,1.4400000000000002,0.44000000000000006,GHCND:USW00094846
2011/5/28,0.30000000000000004,0,1.67,1.06,GHCND:USW00094846
2011/5/29,4.78,0,2.1100000000000003,1.11,GHCND:USW00094846
2011/5/30,0,0,3.1100000000000003,1.33,GHCND:USW00094846
2011/5/31,0.2,0,2.94,2.06,GHCND:USW00094846
2011/6/1,0,0,2.72,1.5,GHCND:USW00094846
2011/6/2,0.05,0,2.06,1.33,GHCND:USW00094846
2011/6/3,0.03,0,3.0600000000000005,1.2800000000000002,GHCND:USW00094846
2011/6/4,0.45999999999999996,0,3.33,1.7800000000000002,GHCND:USW00094846
2011/6/5,0,0,2.94,1.56,GHCND:USW00094846
2011/6/6,0,0,3.39,1.56,GHCND:USW00094846
2011/6/7,0,0,3.5600000000000005,2.39,GHCND:USW00094846
2011/6/8,0.43,0,3.5,1.89,GHCND:USW00094846
2011/6/9,2.3600000000000003,0,2.06,1,GHCND:USW00094846
2011/6/10,1.32,0,2.06,1.06,GHCND:USW00094846
2011/6/11,0.08,0,1.67,1.11,GHCND:USW00094846
2011/6/12,0,0,1.7800000000000002,1,GHCND:USW00094846
2011/6/13,0,0,2.22,1.22,GHCND:USW00094846
2011/6/14,0,0,2.5,1.17,GHCND:USW00094846
2011/6/15,2.0300000000000002,0,2.17,1.3900000000000001,GHCND:USW00094846
2011/6/16,0.1,0,2.72,1.6100000000000003,GHCND:USW00094846
2011/6/17,0,0,2.7800000000000002,1.56,GHCND:USW00094846
2011/6/18,0,0,2.89,1.6100000000000003,GHCND:USW00094846
2011/6/19,0,0,2.72,1.72,GHCND:USW00094846
2011/6/20,0.45999999999999996,0,2.6100000000000003,1.83,GHCND:USW00094846
2011/6/21,1.1400000000000001,0,3.17,1.89,GHCND:USW00094846
2011/6/22,0.05,0,2.2800000000000002,1.7800000000000002,GHCND:USW00094846
2011/6/23,0.03,0,2.17,1.67,GHCND:USW00094846
2011/6/24,0,0,2,1.56,GHCND:USW00094846
2011/6/25,0,0,2.6100000000000003,1.4400000000000002,GHCND:USW00094846
2011/6/26,0,0,2.72,1.3900000000000001,GHCND:USW00094846
2011/6/27,0.08,0,2.72,1.83,GHCND:USW00094846
2011/6/28,0,0,2.72,1.72,GHCND:USW00094846
2011/6/29,0,0,2.72,1.5,GHCND:USW00094846
2011/6/30,0,0,3.1100000000000003,1.56,GHCND:USW00094846
2011/7/1,0,0,3.17,2.22,GHCND:USW00094846
2011/7/2,0,0,3.44,2.17,GHCND:USW00094846
2011/7/3,0,0,2.89,2.06,GHCND:USW00094846
2011/7/4,0,0,3.17,1.83,GHCND:USW00094846
2011/7/5,0,0,3.28,2,GHCND:USW00094846
2011/7/6,0,0,3,2.1100000000000003,GHCND:USW00094846
2011/7/7,0,0,2.7800000000000002,1.72,GHCND:USW00094846
2011/7/8,0,0,3,1.6100000000000003,GHCND:USW00094846
2011/7/9,0,0,3.28,1.6100000000000003,GHCND:USW00094846
2011/7/10,0,0,3.28,2.33,GHCND:USW00094846
2011/7/11,0.9900000000000001,0,3.1100000000000003,2.17,GHCND:USW00094846
2011/7/12,0.03,0,3.0600000000000005,2.1100000000000003,GHCND:USW00094846
2011/7/13,0,0,2.33,1.72,GHCND:USW00094846
2011/7/14,0,0,2.7800000000000002,1.5,GHCND:USW00094846
2011/7/15,0,0,3.0600000000000005,2.1100000000000003,GHCND:USW00094846
2011/7/16,0,0,3.17,2.17,GHCND:USW00094846
2011/7/17,0,0,3.5,2.06,GHCND:USW00094846
2011/7/18,0.03,0,3.33,2.67,GHCND:USW00094846
2011/7/19,0,0,3.39,2.5600000000000005,GHCND:USW00094846
2011/7/20,0.05,0,3.7200000000000006,2.2800000000000002,GHCND:USW00094846
2011/7/21,0.05,0,3.7200000000000006,2.39,GHCND:USW00094846
2011/7/22,3.94,0,3.1100000000000003,2.1100000000000003,GHCND:USW00094846
2011/7/23,17.419999999999998,0,3.0600000000000005,2.1100000000000003,GHCND:USW00094846
2011/7/24,0.45999999999999996,0,3.0600000000000005,2.22,GHCND:USW00094846
2011/7/25,0,0,3.1100000000000003,2.2800000000000002,GHCND:USW00094846
2011/7/26,0,0,2.83,2.17,GHCND:USW00094846
2011/7/27,1.8,0,3.2200000000000006,2,GHCND:USW00094846
2011/7/28,1.7800000000000002,0,3.0600000000000005,2.2800000000000002,GHCND:USW00094846
2011/7/29,1.7800000000000002,0,3,2.17,GHCND:USW00094846
2011/7/30,0,0,3.28,1.94,GHCND:USW00094846
2011/7/31,0,0,3.2200000000000006,2,GHCND:USW00094846
2011/8/1,0,0,3.28,2.33,GHCND:USW00094846
2011/8/2,1.09,0,3.39,2.33,GHCND:USW00094846
2011/8/3,0,0,3,2.22,GHCND:USW00094846
2011/8/4,0,0,2.89,2.06,GHCND:USW00094846
2011/8/5,0,0,2.83,2.06,GHCND:USW00094846
2011/8/6,0.45999999999999996,0,2.94,2.22,GHCND:USW00094846
2011/8/7,1.9100000000000001,0,3,2,GHCND:USW00094846
2011/8/8,1.6,0,2.67,2,GHCND:USW00094846
2011/8/9,0,0,2.67,1.7800000000000002,GHCND:USW00094846
2011/8/10,0,0,2.5,1.6100000000000003,GHCND:USW00094846
2011/8/11,0,0,2.72,1.3900000000000001,GHCND:USW00094846
2011/8/12,0,0,2.72,1.56,GHCND:USW00094846
2011/8/13,1.9100000000000001,0,2.83,1.67,GHCND:USW00094846
2011/8/14,0,0,2.39,1.67,GHCND:USW00094846
2011/8/15,0,0,2.7800000000000002,1.3900000000000001,GHCND:USW00094846
2011/8/16,0,0,2.94,1.6100000000000003,GHCND:USW00094846
2011/8/17,0,0,2.83,1.67,GHCND:USW00094846
2011/8/18,0,0,2.89,1.94,GHCND:USW00094846
2011/8/19,0,0,3.0600000000000005,1.7800000000000002,GHCND:USW00094846
2011/8/20,2.8200000000000003,0,2.67,1.89,GHCND:USW00094846
2011/8/21,0,0,2.67,1.7800000000000002,GHCND:USW00094846
2011/8/22,0,0,2.7800000000000002,1.5,GHCND:USW00094846
2011/8/23,1.6500000000000001,0,2.2800000000000002,1.67,GHCND:USW00094846
2011/8/24,0,0,3.33,2.06,GHCND:USW00094846
2011/8/25,0,0,2.83,1.7800000000000002,GHCND:USW00094846
2011/8/26,0,0,2.83,1.5,GHCND:USW00094846
2011/8/27,0,0,2.72,1.7800000000000002,GHCND:USW00094846
2011/8/28,0,0,2.5,1.6100000000000003,GHCND:USW00094846
2011/8/29,0,0,2.6100000000000003,1.5,GHCND:USW00094846
2011/8/30,0.1,0,2.44,1.6100000000000003,GHCND:USW00094846
2011/8/31,0,0,3.0600000000000005,1.83,GHCND:USW00094846
2011/9/1,0,0,3.39,2.17,GHCND:USW00094846
2011/9/2,0,0,3.33,2.44,GHCND:USW00094846
2011/9/3,0.05,0,3.17,2.06,GHCND:USW00094846
2011/9/4,0,0,2.2800000000000002,1.4400000000000002,GHCND:USW00094846
2011/9/5,0,0,1.83,1.11,GHCND:USW00094846
2011/9/6,0,0,1.89,1.06,GHCND:USW00094846
2011/9/7,0,0,2.1100000000000003,1.11,GHCND:USW00094846
2011/9/8,0,0,2.39,1.3900000000000001,GHCND:USW00094846
2011/9/9,0.05,0,2.22,1.56,GHCND:USW00094846
2011/9/10,0,0,2.5600000000000005,1.33,GHCND:USW00094846
2011/9/11,0,0,2.83,1.3900000000000001,GHCND:USW00094846
2011/9/12,0,0,3,1.7800000000000002,GHCND:USW00094846
2011/9/13,0,0,2.2800000000000002,1.33,GHCND:USW00094846
2011/9/14,0.2,0,1.4400000000000002,0.8300000000000001,GHCND:USW00094846
2011/9/15,0,0,1.5,0.5599999999999999,GHCND:USW00094846
2011/9/16,0,0,1.4400000000000002,0.78,GHCND:USW00094846
2011/9/17,0,0,2,1,GHCND:USW00094846
2011/9/18,1.09,0,1.83,1.2800000000000002,GHCND:USW00094846
2011/9/19,0.61,0,2.06,1.22,GHCND:USW00094846
2011/9/20,0,0,2.33,0.9400000000000001,GHCND:USW00094846
2011/9/21,0,0,2.17,1.33,GHCND:USW00094846
2011/9/22,0,0,1.7800000000000002,1.06,GHCND:USW00094846
2011/9/23,0,0,1.67,0.8900000000000001,GHCND:USW00094846
2011/9/24,0.36000000000000004,0,1.67,1.06,GHCND:USW00094846
2011/9/25,0.2,0,1.7800000000000002,1.06,GHCND:USW00094846
2011/9/26,3.0700000000000003,0,1.56,1.17,GHCND:USW00094846
2011/9/27,0.79,0,1.72,1.22,GHCND:USW00094846
2011/9/28,1.9600000000000002,0,1.72,1.17,GHCND:USW00094846
2011/9/29,0.15000000000000002,0,1.89,0.9400000000000001,GHCND:USW00094846
2011/9/30,0.22999999999999998,0,1.3900000000000001,0.7200000000000001,GHCND:USW00094846
2011/10/1,0,0,1.33,0.5599999999999999,GHCND:USW00094846
2011/10/2,0,0,1.89,0.5,GHCND:USW00094846
2011/10/3,0,0,2.06,0.67,GHCND:USW00094846
2011/10/4,0,0,2.44,0.61,GHCND:USW00094846
2011/10/5,0,0,2.67,0.9400000000000001,GHCND:USW00094846
2011/10/6,0,0,2.72,1,GHCND:USW00094846
2011/10/7,0,0,2.89,1.22,GHCND:USW00094846
2011/10/8,0,0,2.7800000000000002,1.22,GHCND:USW00094846
2011/10/9,0,0,2.67,1.11,GHCND:USW00094846
2011/10/10,0,0,2.44,1.22,GHCND:USW00094846
2011/10/11,0,0,2.6100000000000003,1.3900000000000001,GHCND:USW00094846
2011/10/12,0,0,2.5600000000000005,1.2800000000000002,GHCND:USW00094846
2011/10/13,0.71,0,1.89,1.11,GHCND:USW00094846
2011/10/14,0,0,1.67,0.8900000000000001,GHCND:USW00094846
2011/10/15,0,0,1.67,0.8300000000000001,GHCND:USW00094846
2011/10/16,0.43,0,1.67,0.8900000000000001,GHCND:USW00094846
2011/10/17,0,0,1.5,0.5,GHCND:USW00094846
2011/10/18,0.15000000000000002,0,1.22,0.5,GHCND:USW00094846
2011/10/19,2.16,0,0.9400000000000001,0.67,GHCND:USW00094846
2011/10/20,0.2,0,0.8300000000000001,0.61,GHCND:USW00094846
2011/10/21,0,0,1.2800000000000002,0.33,GHCND:USW00094846
2011/10/22,0,0,1.89,0.11000000000000001,GHCND:USW00094846
2011/10/23,0.51,0,2,0.33,GHCND:USW00094846
2011/10/24,0,0,1.72,0.7200000000000001,GHCND:USW00094846
2011/10/25,0.05,0,2.33,0.7200000000000001,GHCND:USW00094846
2011/10/26,0,0,1.17,0.8300000000000001,GHCND:USW00094846
2011/10/27,0.30000000000000004,0,1.17,0.39,GHCND:USW00094846
2011/10/28,0.08,0,1.2800000000000002,0.17,GHCND:USW00094846
2011/10/29,0,0,1.2800000000000002,0.11000000000000001,GHCND:USW00094846
2011/10/30,0.43,0,1.3900000000000001,0.06,GHCND:USW00094846
2011/10/31,0,0,1.17,0.22000000000000003,GHCND:USW00094846
2011/11/1,0,0,1.83,0.17,GHCND:USW00094846
2011/11/2,0.03,0,1.83,0.8900000000000001,GHCND:USW00094846
2011/11/3,0.2,0,0.8900000000000001,0.78,GHCND:USW00094846
2011/11/4,0,0,1.17,0.22000000000000003,GHCND:USW00094846
2011/11/5,0,0,1.4400000000000002,0.11000000000000001,GHCND:USW00094846
2011/11/6,0,0,1.5,0.5,GHCND:USW00094846
2011/11/7,0.1,0,1.4400000000000002,1.06,GHCND:USW00094846
2011/11/8,3.89,0,1.06,0.8300000000000001,GHCND:USW00094846
2011/11/9,0.9900000000000001,0,1.67,0.27999999999999997,GHCND:USW00094846
2011/11/10,0.03,0,0.5,0,GHCND:USW00094846
2011/11/11,0,0,0.7200000000000001,-0.11,GHCND:USW00094846
2011/11/12,0,0,1.56,0.22000000000000003,GHCND:USW00094846
2011/11/13,0,0,2.1100000000000003,0.8300000000000001,GHCND:USW00094846
2011/11/14,0.03,0,1.17,0.22000000000000003,GHCND:USW00094846
2011/11/15,0,0,1.7800000000000002,0.11000000000000001,GHCND:USW00094846
2011/11/16,0,0,0.78,-0.06,GHCND:USW00094846
2011/11/17,0,0,0.22000000000000003,-0.44,GHCND:USW00094846
2011/11/18,0,0,1.06,-0.39,GHCND:USW00094846
2011/11/19,0,0,1.4400000000000002,0.67,GHCND:USW00094846
2011/11/20,0,0,1.2800000000000002,0.39,GHCND:USW00094846
2011/11/21,0,0,0.8300000000000001,0.5,GHCND:USW00094846
2011/11/22,0.61,0,0.61,0.44000000000000006,GHCND:USW00094846
2011/11/23,0,0,1,0.11000000000000001,GHCND:USW00094846
2011/11/24,0,0,0.8300000000000001,0.44000000000000006,GHCND:USW00094846
2011/11/25,0,0,1.3900000000000001,0.5599999999999999,GHCND:USW00094846
2011/11/26,2.5700000000000003,0,1.33,0.7200000000000001,GHCND:USW00094846
2011/11/27,0.30000000000000004,0,0.78,0.22000000000000003,GHCND:USW00094846
2011/11/28,0,0,0.5,0.11000000000000001,GHCND:USW00094846
2011/11/29,0,0,0.67,-0.06,GHCND:USW00094846
2011/11/30,0,0,0.67,-0.39,GHCND:USW00094846
2011/12/1,0,0,0.8900000000000001,-0.39,GHCND:USW00094846
2011/12/2,0.05,0,0.61,-0.06,GHCND:USW00094846
2011/12/3,0.8400000000000001,0,1,0.27999999999999997,GHCND:USW00094846
2011/12/4,0.05,0,1.11,0.22000000000000003,GHCND:USW00094846
2011/12/5,0.2,0,0.44000000000000006,0.17,GHCND:USW00094846
2011/12/6,0,0,0.27999999999999997,-0.28,GHCND:USW00094846
2011/12/7,0,0,0.11000000000000001,-0.39,GHCND:USW00094846
2011/12/8,0,0,0.22000000000000003,-0.44,GHCND:USW00094846
2011/12/9,0.08,13,0,-0.78,GHCND:USW00094846
2011/12/10,0,0,-0.28,-1.11,GHCND:USW00094846
2011/12/11,0,0,0.7200000000000001,-0.28,GHCND:USW00094846
2011/12/12,0,0,0.8300000000000001,-0.5,GHCND:USW00094846
2011/12/13,0.22999999999999998,0,0.7200000000000001,0.33,GHCND:USW00094846
2011/12/14,3.63,0,1.2800000000000002,0.5,GHCND:USW00094846
2011/12/15,0.05,0,1.3900000000000001,0.06,GHCND:USW00094846
2011/12/16,0,0,0.11000000000000001,-0.33,GHCND:USW00094846
2011/12/17,0.15000000000000002,30,0,-0.22,GHCND:USW00094846
2011/12/18,0,0,0.67,-0.39,GHCND:USW00094846
2011/12/19,0,0,1,0.33,GHCND:USW00094846
2011/12/20,0,0,0.39,0.22000000000000003,GHCND:USW00094846
2011/12/21,0.03,0,0.61,0.27999999999999997,GHCND:USW00094846
2011/12/22,0.05,0,0.44000000000000006,-0.06,GHCND:USW00094846
2011/12/23,0,0,0.11000000000000001,-0.5,GHCND:USW00094846
2011/12/24,0,0,0.39,-0.61,GHCND:USW00094846
2011/12/25,0,0,0.7200000000000001,-0.17,GHCND:USW00094846
2011/12/26,0.15000000000000002,0,0.7200000000000001,-0.5,GHCND:USW00094846
2011/12/27,0.15000000000000002,0,0.5,-0.33,GHCND:USW00094846
2011/12/28,0,0,-0.06,-0.67,GHCND:USW00094846
2011/12/29,0.03,0,0.8900000000000001,-0.06,GHCND:USW00094846
2011/12/30,1.04,0,0.67,0,GHCND:USW00094846
2011/12/31,0,0,0.44000000000000006,-0.17,GHCND:USW00094846
2012/1/1,0.1,0,0.67,-0.17,GHCND:USW00094846
2012/1/2,0.03,5,-0.17,-0.78,GHCND:USW00094846
2012/1/3,0,0,-0.28,-1.06,GHCND:USW00094846
2012/1/4,0,0,0.5,-0.39,GHCND:USW00094846
2012/1/5,0,0,0.9400000000000001,-0.5,GHCND:USW00094846
2012/1/6,0,0,1.2800000000000002,0.33,GHCND:USW00094846
2012/1/7,0,0,0.67,-0.22,GHCND:USW00094846
2012/1/8,0,0,0.5599999999999999,-0.39,GHCND:USW00094846
2012/1/9,0,0,0.78,-0.39,GHCND:USW00094846
2012/1/10,0,0,1.11,-0.39,GHCND:USW00094846
2012/1/11,0,0,1.22,-0.28,GHCND:USW00094846
2012/1/12,0.8900000000000001,119,0.27999999999999997,-0.72,GHCND:USW00094846
2012/1/13,0.03,5,-0.56,-0.83,GHCND:USW00094846
2012/1/14,0,5,-0.72,-1.33,GHCND:USW00094846
2012/1/15,0,0,-0.06,-1.5,GHCND:USW00094846
2012/1/16,0.1,0,0.7200000000000001,-0.11,GHCND:USW00094846
2012/1/17,0.41,10,0.39,-0.83,GHCND:USW00094846
2012/1/18,0,0,-0.33,-1.22,GHCND:USW00094846
2012/1/19,0.03,3,-0.22,-1.5,GHCND:USW00094846
2012/1/20,1.37,137,-0.44,-1.5,GHCND:USW00094846
2012/1/21,0,0,-0.39,-0.89,GHCND:USW00094846
2012/1/22,0.81,0,0.44000000000000006,-0.89,GHCND:USW00094846
2012/1/23,0.7400000000000001,0,0.78,-0.11,GHCND:USW00094846
2012/1/24,0,0,0.27999999999999997,-0.39,GHCND:USW00094846
2012/1/25,0,0,0.22000000000000003,-0.56,GHCND:USW00094846
2012/1/26,0,0,0.33,0,GHCND:USW00094846
2012/1/27,0.1,5,0.61,0.11000000000000001,GHCND:USW00094846
2012/1/28,0.13,15,0.11000000000000001,-0.33,GHCND:USW00094846
2012/1/29,0,5,-0.06,-0.61,GHCND:USW00094846
2012/1/30,0,0,1.17,-0.56,GHCND:USW00094846
2012/1/31,0,0,1.3900000000000001,0.61,GHCND:USW00094846
2012/2/1,0,0,0.8900000000000001,0,GHCND:USW00094846
2012/2/2,0,0,0.61,-0.06,GHCND:USW00094846
2012/2/3,0,0,0.39,0.06,GHCND:USW00094846
2012/2/4,0,0,0.5599999999999999,-0.17,GHCND:USW00094846
2012/2/5,0,0,0.7200000000000001,-0.17,GHCND:USW00094846
2012/2/6,0,0,0.06,-0.11,GHCND:USW00094846
2012/2/7,0.03,0,0.22000000000000003,-0.17,GHCND:USW00094846
2012/2/8,0,0,0.27999999999999997,-0.39,GHCND:USW00094846
2012/2/9,0,0,0.22000000000000003,-0.61,GHCND:USW00094846
2012/2/10,0.48,38,0.22000000000000003,-1,GHCND:USW00094846
2012/2/11,0,0,-0.67,-1.22,GHCND:USW00094846
2012/2/12,0,0,0.17,-0.89,GHCND:USW00094846
2012/2/13,0.08,8,0.22000000000000003,-0.94,GHCND:USW00094846
2012/2/14,0,0,0.22000000000000003,-0.17,GHCND:USW00094846
2012/2/15,0.41,0,0.61,-0.11,GHCND:USW00094846
2012/2/16,0.05,0,0.8300000000000001,0.11000000000000001,GHCND:USW00094846
2012/2/17,0,0,0.9400000000000001,-0.22,GHCND:USW00094846
2012/2/18,0,0,0.39,-0.28,GHCND:USW00094846
2012/2/19,0,0,0.33,-0.44,GHCND:USW00094846
2012/2/20,0,0,0.7200000000000001,-0.56,GHCND:USW00094846
2012/2/21,0.15000000000000002,5,0.5,0.06,GHCND:USW00094846
2012/2/22,0.03,3,0.67,-0.17,GHCND:USW00094846
2012/2/23,0.8400000000000001,0,0.44000000000000006,-0.17,GHCND:USW00094846
2012/2/24,1.37,89,0.17,-0.33,GHCND:USW00094846
2012/2/25,0,0,-0.28,-0.89,GHCND:USW00094846
2012/2/26,0,0,1.17,-0.83,GHCND:USW00094846
2012/2/27,0,0,0.44000000000000006,-0.39,GHCND:USW00094846
2012/2/28,0.27999999999999997,0,0.67,-0.5,GHCND:USW00094846
2012/2/29,0.45999999999999996,0,1.5,0.17,GHCND:USW00094846
2012/3/1,0,0,0.44000000000000006,0.17,GHCND:USW00094846
2012/3/2,0.48,0,0.44000000000000006,0.11000000000000001,GHCND:USW00094846
2012/3/3,0,0,0.17,-0.11,GHCND:USW00094846
2012/3/4,0,8,0,-0.33,GHCND:USW00094846
2012/3/5,0,0,0.27999999999999997,-0.61,GHCND:USW00094846
2012/3/6,0,0,2,-0.06,GHCND:USW00094846
2012/3/7,0,0,2,1.22,GHCND:USW00094846
2012/3/8,0.71,0,1.72,0.27999999999999997,GHCND:USW00094846
2012/3/9,0,0,0.44000000000000006,-0.22,GHCND:USW00094846
2012/3/10,0,0,1.56,-0.28,GHCND:USW00094846
2012/3/11,0,0,2.06,0.5,GHCND:USW00094846
2012/3/12,0.48,0,1.83,1.11,GHCND:USW00094846
2012/3/13,0,0,2.1100000000000003,0.8900000000000001,GHCND:USW00094846
2012/3/14,0,0,2.72,0.78,GHCND:USW00094846
2012/3/15,0,0,2.72,0.8900000000000001,GHCND:USW00094846
2012/3/16,0,0,2.7800000000000002,0.78,GHCND:USW00094846
2012/3/17,0,0,2.7800000000000002,1.4400000000000002,GHCND:USW00094846
2012/3/18,0,0,2.72,1.3900000000000001,GHCND:USW00094846
2012/3/19,0.08,0,2.5600000000000005,1.6100000000000003,GHCND:USW00094846
2012/3/20,0,0,2.94,1.72,GHCND:USW00094846
2012/3/21,0,0,3.0600000000000005,1.6100000000000003,GHCND:USW00094846
2012/3/22,0.41,0,2.83,1.56,GHCND:USW00094846
2012/3/23,3.18,0,1.72,1.2800000000000002,GHCND:USW00094846
2012/3/24,0,0,1.67,1,GHCND:USW00094846
2012/3/25,0,0,2.17,0.61,GHCND:USW00094846
2012/3/26,0,0,0.8300000000000001,0.27999999999999997,GHCND:USW00094846
2012/3/27,0,0,2.33,0.44000000000000006,GHCND:USW00094846
2012/3/28,0,0,2,0.7200000000000001,GHCND:USW00094846
2012/3/29,0,0,0.8900000000000001,0.44000000000000006,GHCND:USW00094846
2012/3/30,1.47,0,1.17,0.44000000000000006,GHCND:USW00094846
2012/3/31,0,0,1,0.39,GHCND:USW00094846
2012/4/1,0.15000000000000002,0,1.3900000000000001,0.5599999999999999,GHCND:USW00094846
2012/4/2,0,0,1.67,0.8300000000000001,GHCND:USW00094846
2012/4/3,0,0,2.1100000000000003,0.8900000000000001,GHCND:USW00094846
2012/4/4,0,0,1.4400000000000002,0.78,GHCND:USW00094846
2012/4/5,0,0,0.9400000000000001,0.33,GHCND:USW00094846
2012/4/6,0,0,1.17,0.06,GHCND:USW00094846
2012/4/7,0,0,1.94,0.11000000000000001,GHCND:USW00094846
2012/4/8,0,0,1.89,0.7200000000000001,GHCND:USW00094846
2012/4/9,0,0,1.72,0.5,GHCND:USW00094846
2012/4/10,0,0,0.78,0.11000000000000001,GHCND:USW00094846
2012/4/11,0,0,1.22,0,GHCND:USW00094846
2012/4/12,0,0,1.72,0,GHCND:USW00094846
2012/4/13,0,0,1.89,0.44000000000000006,GHCND:USW00094846
2012/4/14,0.41,0,1.94,1.22,GHCND:USW00094846
2012/4/15,1.7000000000000002,0,2.5,1.6100000000000003,GHCND:USW00094846
2012/4/16,0.03,0,1.94,0.61,GHCND:USW00094846
2012/4/17,0,0,1.3900000000000001,0.39,GHCND:USW00094846
2012/4/18,0.03,0,2.2800000000000002,0.39,GHCND:USW00094846
2012/4/19,0,0,1.6100000000000003,0.7200000000000001,GHCND:USW00094846
2012/4/20,0.05,0,0.8300000000000001,0.5599999999999999,GHCND:USW00094846
2012/4/21,0,0,1.17,0.22000000000000003,GHCND:USW00094846
2012/4/22,0,0,1.17,0.5,GHCND:USW00094846
2012/4/23,0,0,1.56,0.39,GHCND:USW00094846
2012/4/24,0,0,1.89,0.33,GHCND:USW00094846
2012/4/25,0.25,0,1.6100000000000003,0.78,GHCND:USW00094846
2012/4/26,0,0,1.2800000000000002,0.39,GHCND:USW00094846
2012/4/27,0.03,0,1.22,0.17,GHCND:USW00094846
2012/4/28,0.6400000000000001,0,1,0.7200000000000001,GHCND:USW00094846
2012/4/29,0.91,0,1.3900000000000001,0.61,GHCND:USW00094846
2012/4/30,0,0,1.67,1,GHCND:USW00094846
2012/5/1,0.22999999999999998,0,1.83,0.9400000000000001,GHCND:USW00094846
2012/5/2,0,0,2.67,1.4400000000000002,GHCND:USW00094846
2012/5/3,3.4000000000000004,0,3,1.89,GHCND:USW00094846
2012/5/4,0.71,0,2.2800000000000002,1.2800000000000002,GHCND:USW00094846
2012/5/5,0,0,1.56,1.11,GHCND:USW00094846
2012/5/6,2.0300000000000002,0,2.1100000000000003,1.06,GHCND:USW00094846
2012/5/7,1.1900000000000002,0,1.7800000000000002,1.11,GHCND:USW00094846
2012/5/8,0,0,2.1100000000000003,1.11,GHCND:USW00094846
2012/5/9,0.15000000000000002,0,1.56,0.8300000000000001,GHCND:USW00094846
2012/5/10,0,0,1.94,0.78,GHCND:USW00094846
2012/5/11,0,0,2.5600000000000005,0.61,GHCND:USW00094846
2012/5/12,0.08,0,2.06,1.17,GHCND:USW00094846
2012/5/13,0,0,2.22,1,GHCND:USW00094846
2012/5/14,0,0,2.7800000000000002,0.61,GHCND:USW00094846
2012/5/15,0.13,0,3,1.3900000000000001,GHCND:USW00094846
2012/5/16,0,0,1.83,1,GHCND:USW00094846
2012/5/17,0,0,2.33,0.7200000000000001,GHCND:USW00094846
2012/5/18,0,0,2.94,1.17,GHCND:USW00094846
2012/5/19,0,0,3.33,1.5,GHCND:USW00094846
2012/5/20,0.36000000000000004,0,3.39,1.83,GHCND:USW00094846
2012/5/21,0,0,1.94,1.22,GHCND:USW00094846
2012/5/22,0,0,2.17,1,GHCND:USW00094846
2012/5/23,0,0,2.7800000000000002,0.8300000000000001,GHCND:USW00094846
2012/5/24,0,0,3.2200000000000006,1.7800000000000002,GHCND:USW00094846
2012/5/25,0,0,2.83,1.83,GHCND:USW00094846
2012/5/26,0,0,3,1.56,GHCND:USW00094846
2012/5/27,0,0,3.6100000000000003,2.1100000000000003,GHCND:USW00094846
2012/5/28,0,0,3.5,2.5,GHCND:USW00094846
2012/5/29,0,0,2.94,1.6100000000000003,GHCND:USW00094846
2012/5/30,0,0,2.1100000000000003,1.17,GHCND:USW00094846
2012/5/31,2.84,0,1.22,0.8300000000000001,GHCND:USW00094846
2012/6/1,0.03,0,1.83,0.9400000000000001,GHCND:USW00094846
2012/6/2,0,0,2.44,0.9400000000000001,GHCND:USW00094846
2012/6/3,0,0,2.72,1.3900000000000001,GHCND:USW00094846
2012/6/4,0,0,2.39,1.5,GHCND:USW00094846
2012/6/5,0,0,2.1100000000000003,1.3900000000000001,GHCND:USW00094846
2012/6/6,0,0,2.44,1.11,GHCND:USW00094846
2012/6/7,0,0,2.7800000000000002,1.22,GHCND:USW00094846
2012/6/8,0,0,3.1100000000000003,1.22,GHCND:USW00094846
2012/6/9,0,0,3.2200000000000006,1.83,GHCND:USW00094846
2012/6/10,0,0,3.39,1.94,GHCND:USW00094846
2012/6/11,0,0,3.2200000000000006,2.1100000000000003,GHCND:USW00094846
2012/6/12,0,0,2.5600000000000005,1.5,GHCND:USW00094846
2012/6/13,0,0,2.22,1.22,GHCND:USW00094846
2012/6/14,0,0,3.0600000000000005,1.33,GHCND:USW00094846
2012/6/15,0,0,3.44,1.5,GHCND:USW00094846
2012/6/16,0.79,0,3.44,2.06,GHCND:USW00094846
2012/6/17,0.27999999999999997,0,3.0600000000000005,2.06,GHCND:USW00094846
2012/6/18,0,0,3.44,2.06,GHCND:USW00094846
2012/6/19,0,0,3.5,2.5600000000000005,GHCND:USW00094846
2012/6/20,0,0,3.5,2.5,GHCND:USW00094846
2012/6/21,0.03,0,2.94,2.1100000000000003,GHCND:USW00094846
2012/6/22,0,0,3.0600000000000005,1.7800000000000002,GHCND:USW00094846
2012/6/23,0,0,3.0600000000000005,1.67,GHCND:USW00094846
2012/6/24,0,0,3.44,1.83,GHCND:USW00094846
2012/6/25,0,0,2.44,1.56,GHCND:USW00094846
2012/6/26,0,0,2.83,1.33,GHCND:USW00094846
2012/6/27,0,0,3.33,1.3900000000000001,GHCND:USW00094846
2012/6/28,0.1,0,3.78,2.44,GHCND:USW00094846
2012/6/29,1.07,0,3.1100000000000003,2.06,GHCND:USW00094846
2012/6/30,0,0,3.33,2.06,GHCND:USW00094846
2012/7/1,0,0,3.28,2,GHCND:USW00094846
2012/7/2,0,0,3.6700000000000004,2.17,GHCND:USW00094846
2012/7/3,0,0,3.5600000000000005,2.5,GHCND:USW00094846
2012/7/4,0,0,3.89,2.6100000000000003,GHCND:USW00094846
2012/7/5,0.71,0,3.94,2.6100000000000003,GHCND:USW00094846
2012/7/6,0,0,3.94,2.7800000000000002,GHCND:USW00094846
2012/7/7,0,0,3.6700000000000004,2.2800000000000002,GHCND:USW00094846
2012/7/8,0,0,2.94,2,GHCND:USW00094846
2012/7/9,0,0,3.28,1.89,GHCND:USW00094846
2012/7/10,0,0,2.83,1.94,GHCND:USW00094846
2012/7/11,0,0,3.0600000000000005,1.7800000000000002,GHCND:USW00094846
2012/7/12,0,0,3.28,1.89,GHCND:USW00094846
2012/7/13,0.71,0,3.39,2.1100000000000003,GHCND:USW00094846
2012/7/14,0,0,3.2200000000000006,2.1100000000000003,GHCND:USW00094846
2012/7/15,0,0,3.5,2.17,GHCND:USW00094846
2012/7/16,0,0,3.6100000000000003,2.22,GHCND:USW00094846
2012/7/17,0,0,3.7200000000000006,2.6100000000000003,GHCND:USW00094846
2012/7/18,2.16,0,3.44,2.22,GHCND:USW00094846
2012/7/19,2.0300000000000002,0,2.83,2.17,GHCND:USW00094846
2012/7/20,0,0,2.72,2,GHCND:USW00094846
2012/7/21,0,0,3.0600000000000005,1.83,GHCND:USW00094846
2012/7/22,0,0,3.17,2,GHCND:USW00094846
2012/7/23,0,0,3.6100000000000003,2.72,GHCND:USW00094846
2012/7/24,1.37,0,2.89,2.06,GHCND:USW00094846
2012/7/25,0.03,0,3.7200000000000006,2.1100000000000003,GHCND:USW00094846
2012/7/26,1.8,0,3.17,2.06,GHCND:USW00094846
2012/7/27,0.08,0,3,1.89,GHCND:USW00094846
2012/7/28,0,0,2.7800000000000002,1.94,GHCND:USW00094846
2012/7/29,0,0,2.94,1.72,GHCND:USW00094846
2012/7/30,0,0,3.33,2.06,GHCND:USW00094846
2012/7/31,0.41,0,2.94,2,GHCND:USW00094846
2012/8/1,0,0,3.2200000000000006,2,GHCND:USW00094846
2012/8/2,0,0,3.39,1.89,GHCND:USW00094846
2012/8/3,0,0,3.5,2.17,GHCND:USW00094846
2012/8/4,0.9400000000000001,0,3.39,2.17,GHCND:USW00094846
2012/8/5,0,0,2.89,1.89,GHCND:USW00094846
2012/8/6,0,0,2.94,1.67,GHCND:USW00094846
2012/8/7,0,0,3.33,1.67,GHCND:USW00094846
2012/8/8,0,0,2.89,2.22,GHCND:USW00094846
2012/8/9,0.13,0,2.39,1.72,GHCND:USW00094846
2012/8/10,0.45999999999999996,0,2.44,1.6100000000000003,GHCND:USW00094846
2012/8/11,0,0,2.5600000000000005,1.33,GHCND:USW00094846
2012/8/12,0,0,2.44,1.2800000000000002,GHCND:USW00094846
2012/8/13,1.02,0,2.06,1.56,GHCND:USW00094846
2012/8/14,0,0,2.89,1.33,GHCND:USW00094846
2012/8/15,0,0,2.94,1.83,GHCND:USW00094846
2012/8/16,0.9900000000000001,0,2.44,1.67,GHCND:USW00094846
2012/8/17,0,0,2.44,1.4400000000000002,GHCND:USW00094846
2012/8/18,0,0,2.5,1.17,GHCND:USW00094846
2012/8/19,0,0,2.6100000000000003,1.56,GHCND:USW00094846
2012/8/20,0.2,0,2.33,1.4400000000000002,GHCND:USW00094846
2012/8/21,0,0,2.6100000000000003,1.17,GHCND:USW00094846
2012/8/22,0,0,2.94,1.22,GHCND:USW00094846
2012/8/23,0.08,0,3.33,1.7800000000000002,GHCND:USW00094846
2012/8/24,0,0,3.44,1.7800000000000002,GHCND:USW00094846
2012/8/25,0,0,3.39,1.89,GHCND:USW00094846
2012/8/26,1.4500000000000002,0,2.6100000000000003,1.89,GHCND:USW00094846
2012/8/27,0,0,3.1100000000000003,1.89,GHCND:USW00094846
2012/8/28,0,0,3,1.72,GHCND:USW00094846
2012/8/29,0,0,2.89,1.83,GHCND:USW00094846
2012/8/30,0,0,3.2200000000000006,1.7800000000000002,GHCND:USW00094846
2012/8/31,0,0,3.33,2.17,GHCND:USW00094846
2012/9/1,0,0,2.39,2.17,GHCND:USW00094846
2012/9/2,0,0,2.7800000000000002,2.2800000000000002,GHCND:USW00094846
2012/9/3,0,0,3.1100000000000003,2.17,GHCND:USW00094846
2012/9/4,1.6300000000000001,0,3.2200000000000006,1.89,GHCND:USW00094846
2012/9/5,0.41,0,3,1.72,GHCND:USW00094846
2012/9/6,0,0,3,2,GHCND:USW00094846
2012/9/7,0.15000000000000002,0,2.5600000000000005,1.5,GHCND:USW00094846
2012/9/8,0.71,0,2.2800000000000002,1.22,GHCND:USW00094846
2012/9/9,0,0,2.22,1.2800000000000002,GHCND:USW00094846
2012/9/10,0,0,2.39,1.11,GHCND:USW00094846
2012/9/11,0,0,2.83,1.11,GHCND:USW00094846
2012/9/12,0,0,3,1.72,GHCND:USW00094846
2012/9/13,0.48,0,2.17,1.22,GHCND:USW00094846
2012/9/14,0,0,2.44,1.06,GHCND:USW00094846
2012/9/15,0,0,2.6100000000000003,1,GHCND:USW00094846
2012/9/16,0,0,2.5,0.9400000000000001,GHCND:USW00094846
2012/9/17,0.66,0,2.5600000000000005,1.2800000000000002,GHCND:USW00094846
2012/9/18,0,0,1.72,0.8300000000000001,GHCND:USW00094846
2012/9/19,0,0,2.2800000000000002,0.5,GHCND:USW00094846
2012/9/20,0,0,2.22,1.06,GHCND:USW00094846
2012/9/21,0.38,0,1.56,0.8900000000000001,GHCND:USW00094846
2012/9/22,0.05,0,1.5,0.67,GHCND:USW00094846
2012/9/23,0,0,1.6100000000000003,0.44000000000000006,GHCND:USW00094846
2012/9/24,0,0,2.1100000000000003,0.27999999999999997,GHCND:USW00094846
2012/9/25,0,0,2.5,0.9400000000000001,GHCND:USW00094846
2012/9/26,0,0,2,1.17,GHCND:USW00094846
2012/9/27,0,0,1.83,0.78,GHCND:USW00094846
2012/9/28,0,0,1.94,1,GHCND:USW00094846
2012/9/29,0,0,2.6100000000000003,0.8900000000000001,GHCND:USW00094846
2012/9/30,0,0,1.89,1,GHCND:USW00094846
2012/10/1,0,0,1.89,0.8300000000000001,GHCND:USW00094846
2012/10/2,0,0,2.06,1.17,GHCND:USW00094846
2012/10/3,0.66,0,1.72,1.5,GHCND:USW00094846
2012/10/4,0.30000000000000004,0,2.5,0.8900000000000001,GHCND:USW00094846
2012/10/5,0,0,1,0.39,GHCND:USW00094846
2012/10/6,0,0,1,0.11000000000000001,GHCND:USW00094846
2012/10/7,0,0,1.06,0.22000000000000003,GHCND:USW00094846
2012/10/8,0,0,1.56,0,GHCND:USW00094846
2012/10/9,0.43,0,1.83,0.5599999999999999,GHCND:USW00094846
2012/10/10,0,0,1.06,0.17,GHCND:USW00094846
2012/10/11,0.05,0,1.94,0.17,GHCND:USW00094846
2012/10/12,0,0,1.17,0.27999999999999997,GHCND:USW00094846
2012/10/13,0.53,0,1.94,0.67,GHCND:USW00094846
2012/10/14,1.9600000000000002,0,2.17,0.8900000000000001,GHCND:USW00094846
2012/10/15,0,0,1.56,0.5,GHCND:USW00094846
2012/10/16,0,0,2.1100000000000003,0.44000000000000006,GHCND:USW00094846
2012/11/16,0,0,1.22,-0.28,GHCND:USW00094846
2012/11/17,0,0,1.2800000000000002,-0.33,GHCND:USW00094846
2012/11/18,0,0,1.3900000000000001,-0.06,GHCND:USW00094846
2012/11/19,0.03,0,1.5,0.22000000000000003,GHCND:USW00094846
2012/11/20,0,0,1.4400000000000002,0.44000000000000006,GHCND:USW00094846
2012/11/21,0,0,1.22,0.11000000000000001,GHCND:USW00094846
2012/11/22,0.6900000000000001,0,1.72,0.5599999999999999,GHCND:USW00094846
2012/11/23,0,0,0.5599999999999999,-0.22,GHCND:USW00094846
2012/11/24,0,0,0,-0.44,GHCND:USW00094846
2012/11/25,0,0,0.61,-0.17,GHCND:USW00094846
2012/11/26,0,0,0.22000000000000003,-0.5,GHCND:USW00094846
2012/11/27,0,0,0.06,-0.83,GHCND:USW00094846
2012/11/28,0,0,0.67,-0.28,GHCND:USW00094846
2012/11/29,0,0,1.06,0.06,GHCND:USW00094846
2012/11/30,0,0,1.06,0.22000000000000003,GHCND:USW00094846
2012/12/1,0,0,1.5,-0.17,GHCND:USW00094846
2012/12/2,0.15000000000000002,0,1.72,0.67,GHCND:USW00094846
2012/12/3,0,0,2.1100000000000003,0.78,GHCND:USW00094846
2012/12/4,0,0,1.5,0.33,GHCND:USW00094846
2012/12/5,0,0,0.44000000000000006,-0.28,GHCND:USW00094846
2012/12/6,0,0,0.78,0,GHCND:USW00094846
2012/12/7,0.2,0,0.78,0.5,GHCND:USW00094846
2012/12/8,0.38,0,0.5599999999999999,0.22000000000000003,GHCND:USW00094846
2012/12/9,0.53,0,0.5,0.17,GHCND:USW00094846
2012/12/10,0,0,0.33,-0.06,GHCND:USW00094846
2012/12/11,0,0,0.11000000000000001,-0.44,GHCND:USW00094846
2012/12/12,0,0,0.78,-0.22,GHCND:USW00094846
2012/12/13,0,0,0.9400000000000001,0,GHCND:USW00094846
2012/12/14,0,0,1,-0.33,GHCND:USW00094846
2012/12/15,0.86,0,1,0.27999999999999997,GHCND:USW00094846
2012/12/16,0,0,0.9400000000000001,0.33,GHCND:USW00094846
2012/12/17,0,0,0.44000000000000006,-0.11,GHCND:USW00094846
2012/12/18,0,0,0.5,-0.06,GHCND:USW00094846
2012/12/19,0.2,0,0.61,0,GHCND:USW00094846
2012/12/20,3.2,5,0.9400000000000001,0.06,GHCND:USW00094846
2012/12/21,0.03,3,0.06,-0.67,GHCND:USW00094846
2012/12/22,0,0,0,-0.83,GHCND:USW00094846
2012/12/23,0,0,0.11000000000000001,-0.61,GHCND:USW00094846
2012/12/24,0,0,0.11000000000000001,-0.22,GHCND:USW00094846
2012/12/25,0.03,3,0.06,-0.39,GHCND:USW00094846
2012/12/26,0,0,0.06,-0.22,GHCND:USW00094846
2012/12/27,0,0,0.06,-0.22,GHCND:USW00094846
2012/12/28,0.03,8,0,-0.17,GHCND:USW00094846
2012/12/29,0,5,0,-0.67,GHCND:USW00094846
2012/12/30,0,0,0.06,-1,GHCND:USW00094846
2012/12/31,0,0,0.17,-0.67,GHCND:USW00094846
2013/1/1,0,0,-0.39,-1.17,GHCND:USW00094846
2013/1/2,0,0,-0.11,-1.22,GHCND:USW00094846
2013/1/3,0,0,-0.17,-0.78,GHCND:USW00094846
2013/1/4,0,0,0.22000000000000003,-1.06,GHCND:USW00094846
2013/1/5,0.08,10,0.39,-0.78,GHCND:USW00094846
2013/1/6,0,0,0.22000000000000003,-0.78,GHCND:USW00094846
2013/1/7,0,0,0.5,-0.94,GHCND:USW00094846
2013/1/8,0,0,0.67,-0.56,GHCND:USW00094846
2013/1/9,0,0,1,-0.28,GHCND:USW00094846
2013/1/10,1.6,0,0.7200000000000001,-0.56,GHCND:USW00094846
2013/1/11,0.76,0,1.11,0.5599999999999999,GHCND:USW00094846
2013/1/12,0.15000000000000002,0,1.17,-0.11,GHCND:USW00094846
2013/1/13,0.25,0,-0.11,-1,GHCND:USW00094846
2013/1/14,0,0,-0.39,-1.11,GHCND:USW00094846
2013/1/15,0,0,-0.06,-1.11,GHCND:USW00094846
2013/1/16,0,0,0.22000000000000003,-0.89,GHCND:USW00094846
2013/1/17,0,0,0.06,-0.67,GHCND:USW00094846
2013/1/18,0,0,0.61,-0.72,GHCND:USW00094846
2013/1/19,0,0,0.8300000000000001,-0.22,GHCND:USW00094846
2013/1/20,0,0,-0.22,-1.06,GHCND:USW00094846
2013/1/21,0,0,-0.94,-1.5,GHCND:USW00094846
2013/1/22,0,0,-1.17,-1.83,GHCND:USW00094846
2013/1/23,0.03,10,-0.5,-1.22,GHCND:USW00094846
2013/1/24,0,0,-0.56,-1.56,GHCND:USW00094846
2013/1/25,0.15000000000000002,28,-0.17,-0.78,GHCND:USW00094846
2013/1/26,0,0,-0.22,-1.06,GHCND:USW00094846
2013/1/27,1.47,3,0.27999999999999997,-0.5,GHCND:USW00094846
2013/1/28,0.2,0,0.8900000000000001,0.27999999999999997,GHCND:USW00094846
2013/1/29,3.38,0,1.72,0.39,GHCND:USW00094846
2013/1/30,1.1400000000000001,15,0.67,-0.61,GHCND:USW00094846
2013/1/31,0,0,-0.61,-1.44,GHCND:USW00094846
2013/2/1,0.05,13,-1,-1.78,GHCND:USW00094846
2013/2/2,0.30000000000000004,46,-0.5,-1.33,GHCND:USW00094846
2013/2/3,0.1,13,-0.61,-1.28,GHCND:USW00094846
2013/2/4,0.48,61,-0.22,-1.06,GHCND:USW00094846
2013/2/5,0.05,13,-0.06,-1.44,GHCND:USW00094846
2013/2/6,0,0,0.22000000000000003,-1.17,GHCND:USW00094846
2013/2/7,2.72,36,0.11000000000000001,-0.06,GHCND:USW00094846
2013/2/8,0,3,0.06,-0.5,GHCND:USW00094846
2013/2/9,0,0,0,-0.67,GHCND:USW00094846
2013/2/10,0.7400000000000001,0,0.9400000000000001,-0.11,GHCND:USW00094846
2013/2/11,0,0,0.7200000000000001,-0.17,GHCND:USW00094846
2013/2/12,0,0,-0.17,-0.61,GHCND:USW00094846
2013/2/13,0,0,0.67,-0.72,GHCND:USW00094846
2013/2/14,0,0,0.39,0.06,GHCND:USW00094846
2013/2/15,0,0,0.06,-0.67,GHCND:USW00094846
2013/2/16,0,0,-0.67,-1.11,GHCND:USW00094846
2013/2/17,0,0,-0.11,-1.28,GHCND:USW00094846
2013/2/18,0.7400000000000001,0,1.11,-0.28,GHCND:USW00094846
2013/2/19,0,5,-0.11,-1.11,GHCND:USW00094846
2013/2/20,0,0,-0.44,-1.33,GHCND:USW00094846
2013/2/21,0.18000000000000002,20,0,-0.72,GHCND:USW00094846
2013/2/22,0.51,48,0.11000000000000001,-0.44,GHCND:USW00094846
2013/2/23,0,0,-0.22,-0.56,GHCND:USW00094846
2013/2/24,0,0,0.39,-0.83,GHCND:USW00094846
2013/2/25,0,0,0.61,-0.67,GHCND:USW00094846
2013/2/26,1.1400000000000001,122,0.22000000000000003,0,GHCND:USW00094846
2013/2/27,0.45999999999999996,25,0.11000000000000001,0,GHCND:USW00094846
2013/2/28,0.05,5,0.17,-0.28,GHCND:USW00094846
2013/3/1,0.05,18,-0.11,-0.39,GHCND:USW00094846
2013/3/2,0,0,-0.06,-0.83,GHCND:USW00094846
2013/3/3,0,0,0.11000000000000001,-0.94,GHCND:USW00094846
2013/3/4,0,0,0.11000000000000001,-0.78,GHCND:USW00094846
2013/3/5,1.6800000000000002,234,0.06,-0.17,GHCND:USW00094846
2013/3/6,0,0,0.11000000000000001,-0.22,GHCND:USW00094846
2013/3/7,0,0,0.44000000000000006,-0.33,GHCND:USW00094846
2013/3/8,0,0,0.44000000000000006,-0.72,GHCND:USW00094846
2013/3/9,0.1,0,0.67,-0.11,GHCND:USW00094846
2013/3/10,2.2100000000000004,0,1.06,0.39,GHCND:USW00094846
2013/3/11,0.18000000000000002,0,0.8900000000000001,0.06,GHCND:USW00094846
2013/3/12,0.13,8,0.27999999999999997,-0.33,GHCND:USW00094846
2013/3/13,0,0,0.06,-0.56,GHCND:USW00094846
2013/3/14,0,0,0.27999999999999997,-0.5,GHCND:USW00094846
2013/3/15,0.51,0,0.5,-0.11,GHCND:USW00094846
2013/3/16,0,0,0.17,-0.11,GHCND:USW00094846
2013/3/17,0,0,0.17,-0.33,GHCND:USW00094846
2013/3/18,0.2,3,0.17,-0.61,GHCND:USW00094846
2013/3/19,0,0,0,-0.83,GHCND:USW00094846
2013/3/20,0,0,-0.39,-1,GHCND:USW00094846
2013/3/21,0,0,0.06,-1,GHCND:USW00094846
2013/3/22,0,0,0.5,-0.67,GHCND:USW00094846
2013/3/23,0,0,0.5,-0.39,GHCND:USW00094846
2013/3/24,0.03,3,0.27999999999999997,0,GHCND:USW00094846
2013/3/25,0,0,0.33,0,GHCND:USW00094846
2013/3/26,0,0,0.61,-0.17,GHCND:USW00094846
2013/3/27,0,0,0.5599999999999999,-0.06,GHCND:USW00094846
2013/3/28,0,0,1.06,-0.22,GHCND:USW00094846
2013/3/29,0,0,1.2800000000000002,0,GHCND:USW00094846
2013/3/30,0,0,1.5,-0.22,GHCND:USW00094846
2013/3/31,0,0,1.5,0.22000000000000003,GHCND:USW00094846
2013/4/1,0,0,0.5,-0.16,GHCND:USW00094846
2013/4/2,0,0,0.7200000000000001,-0.38,GHCND:USW00094846
2013/4/3,0,0,0.67,-0.38,GHCND:USW00094846
2013/4/4,0,0,1.4400000000000002,-0.38,GHCND:USW00094846
2013/4/5,0,0,0.7200000000000001,0.22000000000000003,GHCND:USW00094846
2013/4/6,0.1,0,2.1100000000000003,0.22000000000000003,GHCND:USW00094846
2013/4/7,0,0,1.5,0.44000000000000006,GHCND:USW00094846
2013/4/8,1.2400000000000002,0,1.7800000000000002,0.5,GHCND:USW00094846
2013/4/9,0.51,0,1.2800000000000002,0.39,GHCND:USW00094846
2013/4/10,2.39,0,0.5,0.33,GHCND:USW00094846
2013/4/11,0.61,0,0.78,0.33,GHCND:USW00094846
2013/4/12,0,0,0.7200000000000001,0.27999999999999997,GHCND:USW00094846
2013/4/13,0,0,0.7200000000000001,0.11000000000000001,GHCND:USW00094846
2013/4/14,0,0,2.06,0.33,GHCND:USW00094846
2013/4/15,0.91,0,1.89,0.67,GHCND:USW00094846
2013/4/16,0.03,0,1.4400000000000002,0.44000000000000006,GHCND:USW00094846
2013/4/17,5.11,0,0.9400000000000001,0.5599999999999999,GHCND:USW00094846
2013/4/18,8.99,0,1.72,0.39,GHCND:USW00094846
2013/4/19,0.03,3,0.44000000000000006,0.06,GHCND:USW00094846
2013/4/20,0,0,0.8300000000000001,-0.05,GHCND:USW00094846
2013/4/21,0,0,1.22,-0.16,GHCND:USW00094846
2013/4/22,0,0,1.94,0.33,GHCND:USW00094846
2013/4/23,1.7800000000000002,0,1.5,0.33,GHCND:USW00094846
2013/4/24,0.1,0,1,0.27999999999999997,GHCND:USW00094846
2013/4/25,0.18000000000000002,0,1.06,0.33,GHCND:USW00094846
2013/4/26,0,0,1.94,0.11000000000000001,GHCND:USW00094846
2013/4/27,0,0,2,0.61,GHCND:USW00094846
2013/4/28,0.08,0,1.83,0.9400000000000001,GHCND:USW00094846
2013/4/29,0,0,2.33,0.8300000000000001,GHCND:USW00094846
2013/4/30,0,0,2.94,1.6100000000000003,GHCND:USW00094846
2013/5/1,0,0,2.89,1.33,GHCND:USW00094846
2013/5/2,0.27999999999999997,0,1.2800000000000002,0.5599999999999999,GHCND:USW00094846
2013/5/3,0.13,0,0.8900000000000001,0.44000000000000006,GHCND:USW00094846
2013/5/4,0.05,0,2.17,0.8900000000000001,GHCND:USW00094846
2013/5/5,0,0,2.06,0.8900000000000001,GHCND:USW00094846
2013/5/6,0,0,2.17,1,GHCND:USW00094846
2013/5/7,0,0,2.39,0.8900000000000001,GHCND:USW00094846
2013/5/8,0,0,2.6100000000000003,0.8900000000000001,GHCND:USW00094846
2013/5/9,0.81,0,2.39,0.78,GHCND:USW00094846
2013/5/10,0.33,0,0.8300000000000001,0.67,GHCND:USW00094846
2013/5/11,0,0,1.56,0.61,GHCND:USW00094846
2013/5/12,0,0,1.2800000000000002,0.27999999999999997,GHCND:USW00094846
2013/5/13,0,0,1.7800000000000002,0.22000000000000003,GHCND:USW00094846
2013/5/14,0,0,3.28,1,GHCND:USW00094846
2013/5/15,0,0,2.89,1.56,GHCND:USW00094846
2013/5/16,0,0,2.83,1.17,GHCND:USW00094846
2013/5/17,0,0,2.1100000000000003,1.2800000000000002,GHCND:USW00094846
2013/5/18,0,0,2.67,1.33,GHCND:USW00094846
2013/5/19,0,0,3,1.4400000000000002,GHCND:USW00094846
2013/5/20,2.77,0,3.17,1.83,GHCND:USW00094846
2013/5/21,1.42,0,2.72,1.7800000000000002,GHCND:USW00094846
2013/5/22,3.4299999999999997,0,2.2800000000000002,1.11,GHCND:USW00094846
2013/5/23,0.15000000000000002,0,1.22,0.5599999999999999,GHCND:USW00094846
2013/5/24,0,0,1.3900000000000001,0.5,GHCND:USW00094846
2013/5/25,0,0,1.3900000000000001,0.67,GHCND:USW00094846
2013/5/26,0.05,0,2,0.67,GHCND:USW00094846
2013/5/27,0.58,0,1.67,1.17,GHCND:USW00094846
2013/5/28,0.51,0,2.44,1.33,GHCND:USW00094846
2013/5/29,0.03,0,2.89,1.7800000000000002,GHCND:USW00094846
2013/5/30,1.3,0,2.83,1.7800000000000002,GHCND:USW00094846
2013/5/31,0.76,0,2.5,1.7800000000000002,GHCND:USW00094846
2013/6/1,1.42,0,2.44,1.72,GHCND:USW00094846
2013/6/2,0.03,0,1.72,0.61,GHCND:USW00094846
2013/6/3,0,0,2,0.61,GHCND:USW00094846
2013/6/4,0,0,2.22,1,GHCND:USW00094846
2013/6/5,0.03,0,2.2800000000000002,1.22,GHCND:USW00094846
2013/6/6,0.38,0,1.7800000000000002,1.11,GHCND:USW00094846
2013/6/7,0,0,2,1.11,GHCND:USW00094846
2013/6/8,0,0,2.33,0.9400000000000001,GHCND:USW00094846
2013/6/9,0.03,0,2.67,1.2800000000000002,GHCND:USW00094846
2013/6/10,0.66,0,2.44,1.56,GHCND:USW00094846
2013/6/11,0,0,2.83,1.56,GHCND:USW00094846
2013/6/12,1.9100000000000001,0,3,1.72,GHCND:USW00094846
2013/6/13,0,0,2.2800000000000002,1.4400000000000002,GHCND:USW00094846
2013/6/14,0,0,2.5600000000000005,1.33,GHCND:USW00094846
2013/6/15,0.43,0,2.67,1.4400000000000002,GHCND:USW00094846
2013/6/16,0,0,3,2.06,GHCND:USW00094846
2013/6/17,0.08,0,3.1100000000000003,1.5,GHCND:USW00094846
2013/6/18,0,0,2.17,1.33,GHCND:USW00094846
2013/6/19,0,0,2.39,1.17,GHCND:USW00094846
2013/6/20,0,0,3,1.33,GHCND:USW00094846
2013/6/21,2.0100000000000002,0,2.7800000000000002,2,GHCND:USW00094846
2013/6/22,0.1,0,2.67,1.94,GHCND:USW00094846
2013/6/23,2.1300000000000003,0,3.0600000000000005,1.89,GHCND:USW00094846
2013/6/24,0.45999999999999996,0,3.17,1.94,GHCND:USW00094846
2013/6/25,0.08,0,2.94,1.94,GHCND:USW00094846
2013/6/26,3.7600000000000002,0,2.67,1.89,GHCND:USW00094846
2013/6/27,2.34,0,3.2200000000000006,1.7800000000000002,GHCND:USW00094846
2013/6/28,0,0,2.83,1.94,GHCND:USW00094846
2013/6/29,0,0,2.22,1.7800000000000002,GHCND:USW00094846
2013/6/30,0,0,2.5,1.67,GHCND:USW00094846
2013/7/1,0,0,2.39,1.5,GHCND:USW00094846
2013/7/2,0,0,2,1.56,GHCND:USW00094846
2013/7/3,0.05,0,2.22,1.5,GHCND:USW00094846
2013/7/4,0,0,2.83,1.33,GHCND:USW00094846
2013/7/5,0,0,3,1.56,GHCND:USW00094846
2013/7/6,0,0,2.83,1.83,GHCND:USW00094846
2013/7/7,0,0,3.1100000000000003,2.1100000000000003,GHCND:USW00094846
2013/7/8,1.27,0,3,2.1100000000000003,GHCND:USW00094846
2013/7/9,0,0,2.94,2.2800000000000002,GHCND:USW00094846
2013/7/10,0,0,2.94,1.89,GHCND:USW00094846
2013/7/11,0,0,2.72,1.7800000000000002,GHCND:USW00094846
2013/7/12,0,0,2.83,1.4400000000000002,GHCND:USW00094846
2013/7/13,0,0,2.89,1.67,GHCND:USW00094846
2013/7/14,0,0,3.1100000000000003,2.22,GHCND:USW00094846
2013/7/15,0.22999999999999998,0,3.17,2.17,GHCND:USW00094846
2013/7/16,0,0,3.33,2.2800000000000002,GHCND:USW00094846
2013/7/17,0,0,3.44,2.44,GHCND:USW00094846
2013/7/18,0,0,3.5,2.5,GHCND:USW00094846
2013/7/19,1.47,0,3.5600000000000005,2.17,GHCND:USW00094846
2013/7/20,0.15000000000000002,0,3.17,2.17,GHCND:USW00094846
2013/7/21,0.03,0,3.1100000000000003,2,GHCND:USW00094846
2013/7/22,0,0,3.0600000000000005,2.17,GHCND:USW00094846
2013/7/23,0.08,0,2.5600000000000005,1.72,GHCND:USW00094846
2013/7/24,0,0,2.22,1.56,GHCND:USW00094846
2013/7/25,0,0,2.72,1.3900000000000001,GHCND:USW00094846
2013/7/26,0.9900000000000001,0,2.1100000000000003,1.67,GHCND:USW00094846
2013/7/27,0,0,1.83,1.2800000000000002,GHCND:USW00094846
2013/7/28,0,0,2.06,1.22,GHCND:USW00094846
2013/7/29,0,0,2.44,1.3900000000000001,GHCND:USW00094846
2013/7/30,0.1,0,2.33,1.3900000000000001,GHCND:USW00094846
2013/7/31,1.27,0,2.39,1.67,GHCND:USW00094846
2013/8/1,0,0,2.72,1.6100000000000003,GHCND:USW00094846
2013/8/2,1.6,0,2.89,1.67,GHCND:USW00094846
2013/8/3,0,0,2.72,1.7800000000000002,GHCND:USW00094846
2013/8/4,0,0,2.39,1.56,GHCND:USW00094846
2013/8/5,0.18000000000000002,0,2.39,1.4400000000000002,GHCND:USW00094846
2013/8/6,0.1,0,2.83,1.94,GHCND:USW00094846
2013/8/7,0,0,3.17,1.94,GHCND:USW00094846
2013/8/8,0,0,2.5600000000000005,1.83,GHCND:USW00094846
2013/8/9,0,0,2.7800000000000002,1.5,GHCND:USW00094846
2013/8/10,0,0,2.72,1.7800000000000002,GHCND:USW00094846
2013/8/11,0.03,0,2.72,1.56,GHCND:USW00094846
2013/8/12,0.6900000000000001,0,2.7800000000000002,1.94,GHCND:USW00094846
2013/8/13,0,0,2.1100000000000003,1.4400000000000002,GHCND:USW00094846
2013/8/14,0,0,2.22,1.33,GHCND:USW00094846
2013/8/15,0,0,2.39,1.2800000000000002,GHCND:USW00094846
2013/8/16,0,0,2.7800000000000002,1.2800000000000002,GHCND:USW00094846
2013/8/17,0,0,2.72,1.3900000000000001,GHCND:USW00094846
2013/8/18,0,0,2.72,1.5,GHCND:USW00094846
2013/8/19,0,0,2.94,1.3900000000000001,GHCND:USW00094846
2013/8/20,0,0,3.1100000000000003,1.89,GHCND:USW00094846
2013/8/21,0.03,0,3.2200000000000006,2,GHCND:USW00094846
2013/8/22,0.58,0,2.5600000000000005,2,GHCND:USW00094846
2013/8/23,0,0,2.7800000000000002,1.67,GHCND:USW00094846
2013/8/24,0,0,3,1.56,GHCND:USW00094846
2013/8/25,0,0,3.17,1.83,GHCND:USW00094846
2013/8/26,0,0,3.33,2.1100000000000003,GHCND:USW00094846
2013/8/27,0,0,3.5600000000000005,2.5,GHCND:USW00094846
2013/8/28,0,0,2.83,2.17,GHCND:USW00094846
2013/8/29,0,0,3.17,1.89,GHCND:USW00094846
2013/8/30,0.91,0,3.5600000000000005,1.94,GHCND:USW00094846
2013/8/31,0.18000000000000002,0,2.5600000000000005,2.17,GHCND:USW00094846
2013/9/1,0.36000000000000004,0,2.94,1.83,GHCND:USW00094846
2013/9/2,0,0,2.6100000000000003,1.56,GHCND:USW00094846
2013/9/3,0,0,2.5,1.3900000000000001,GHCND:USW00094846
2013/9/4,0,0,2.89,1.5,GHCND:USW00094846
2013/9/5,0,0,2.33,1.5,GHCND:USW00094846
2013/9/6,0,0,3,1.3900000000000001,GHCND:USW00094846
2013/9/7,0.03,0,3.1100000000000003,1.83,GHCND:USW00094846
2013/9/8,0,0,2.5,2.17,GHCND:USW00094846
2013/9/9,0,0,3.44,2,GHCND:USW00094846
2013/9/10,0,0,3.5,2.5,GHCND:USW00094846
2013/9/11,0,0,3.28,2.39,GHCND:USW00094846
2013/9/12,0,0,2.7800000000000002,1.67,GHCND:USW00094846
2013/9/13,0,0,1.94,1.11,GHCND:USW00094846
2013/9/14,0,0,2.22,0.8300000000000001,GHCND:USW00094846
2013/9/15,1.6500000000000001,0,1.67,1.33,GHCND:USW00094846
2013/9/16,0,0,1.7800000000000002,1.06,GHCND:USW00094846
2013/9/17,0,0,2.17,0.9400000000000001,GHCND:USW00094846
2013/9/18,1.4000000000000001,0,2.72,1.56,GHCND:USW00094846
2013/9/19,2.1300000000000003,0,2.89,2.06,GHCND:USW00094846
2013/9/20,0,0,2.44,1.4400000000000002,GHCND:USW00094846
2013/9/21,0,0,1.94,1.11,GHCND:USW00094846
2013/9/22,0,0,1.94,0.9400000000000001,GHCND:USW00094846
2013/9/23,0,0,1.94,0.78,GHCND:USW00094846
2013/9/24,0,0,2.1100000000000003,0.9400000000000001,GHCND:USW00094846
2013/9/25,0,0,2.1100000000000003,1.06,GHCND:USW00094846
2013/9/26,0,0,2.39,1,GHCND:USW00094846
2013/9/27,0,0,2.72,1.11,GHCND:USW00094846
2013/9/28,0.51,0,2.89,1.2800000000000002,GHCND:USW00094846
2013/9/29,0.45999999999999996,0,2,1.06,GHCND:USW00094846
2013/9/30,0,0,2.33,0.8300000000000001,GHCND:USW00094846
2013/10/1,0,0,2.6100000000000003,1.67,GHCND:USW00094846
2013/10/2,0,0,2.44,1.67,GHCND:USW00094846
2013/10/3,0.30000000000000004,0,2.5600000000000005,1.56,GHCND:USW00094846
2013/10/4,0,0,2.33,1.83,GHCND:USW00094846
2013/10/5,2.08,0,2.67,1.6100000000000003,GHCND:USW00094846
2013/10/6,0.22999999999999998,0,1.7800000000000002,0.7200000000000001,GHCND:USW00094846
2013/10/7,0,0,2,0.7200000000000001,GHCND:USW00094846
2013/10/8,0,0,2.39,0.61,GHCND:USW00094846
2013/10/9,0,0,2.17,0.8900000000000001,GHCND:USW00094846
2013/10/10,0,0,2.33,0.78,GHCND:USW00094846
2013/10/11,0,0,2.44,1.06,GHCND:USW00094846
2013/10/12,0.30000000000000004,0,2.2800000000000002,0.78,GHCND:USW00094846
2013/10/13,0,0,1.7800000000000002,0.67,GHCND:USW00094846
2013/10/14,0,0,1.67,0.5599999999999999,GHCND:USW00094846
2013/10/15,0.18000000000000002,0,1.7800000000000002,0.9400000000000001,GHCND:USW00094846
2013/10/16,0,0,1.22,0.8300000000000001,GHCND:USW00094846
2013/10/17,0.7400000000000001,0,1.17,0.44000000000000006,GHCND:USW00094846
2013/10/18,0,0,1,0.39,GHCND:USW00094846
2013/10/19,0.03,0,1.22,0.5599999999999999,GHCND:USW00094846
2013/10/20,0.03,0,1.6100000000000003,0.22000000000000003,GHCND:USW00094846
2013/10/21,0,0,1.2800000000000002,0.06,GHCND:USW00094846
2013/10/22,0,0,0.5599999999999999,-0.16,GHCND:USW00094846
2013/10/23,0,0,0.78,0,GHCND:USW00094846
2013/10/24,0,0,0.67,-0.05,GHCND:USW00094846
2013/10/25,0,0,1.06,-0.16,GHCND:USW00094846
2013/10/26,0,0,1.2800000000000002,0.27999999999999997,GHCND:USW00094846
2013/10/27,0,0,1.22,-0.16,GHCND:USW00094846
2013/10/28,0,0,1.17,0.17,GHCND:USW00094846
2013/10/29,0,0,1.3900000000000001,0.5599999999999999,GHCND:USW00094846
2013/10/30,1.4000000000000001,0,1.72,0.61,GHCND:USW00094846
2013/10/31,2.64,0,1.7800000000000002,0.78,GHCND:USW00094846
2013/11/1,0.2,0,0.8900000000000001,0.61,GHCND:USW00094846
2013/11/2,0.03,0,0.8900000000000001,0.33,GHCND:USW00094846
2013/11/3,0,0,1.17,0.06,GHCND:USW00094846
2013/11/4,0,0,1.4400000000000002,0.5599999999999999,GHCND:USW00094846
2013/11/5,0.1,0,1.2800000000000002,1,GHCND:USW00094846
2013/11/6,1.52,0,1.3900000000000001,0.17,GHCND:USW00094846
2013/11/7,0,0,0.67,-0.1,GHCND:USW00094846
2013/11/8,0,0,0.8900000000000001,-0.21,GHCND:USW00094846
2013/11/9,0,0,1.4400000000000002,0.5,GHCND:USW00094846
2013/11/10,0,0,0.9400000000000001,0.17,GHCND:USW00094846
2013/11/11,0.7400000000000001,10,0.8300000000000001,-0.38,GHCND:USW00094846
2013/11/12,0,0,0.06,-0.55,GHCND:USW00094846
2013/11/13,0,0,0.44000000000000006,-0.66,GHCND:USW00094846
2013/11/14,0,0,0.9400000000000001,0,GHCND:USW00094846
2013/11/15,0.03,0,1,0.33,GHCND:USW00094846
2013/11/16,1.02,0,1.6100000000000003,0.5599999999999999,GHCND:USW00094846
2013/11/17,0.9900000000000001,0,2.06,0.61,GHCND:USW00094846
2013/11/18,0,0,0.61,-0.1,GHCND:USW00094846
2013/11/19,0,0,0.5599999999999999,-0.38,GHCND:USW00094846
2013/11/20,0.38,0,0.7200000000000001,-0.21,GHCND:USW00094846
2013/11/21,0.13,0,1.06,0.5,GHCND:USW00094846
2013/11/22,0.1,0,0.61,-0.27,GHCND:USW00094846
2013/11/23,0,0,-0.32,-0.93,GHCND:USW00094846
2013/11/24,0,0,-0.27,-1.16,GHCND:USW00094846
2013/11/25,0.08,13,-0.05,-0.55,GHCND:USW00094846
2013/11/26,0,0,0.11000000000000001,-0.82,GHCND:USW00094846
2013/11/27,0,0,-0.16,-1.05,GHCND:USW00094846
2013/11/28,0,0,0.11000000000000001,-0.71,GHCND:USW00094846
2013/11/29,0,0,0.22000000000000003,-0.93,GHCND:USW00094846
2013/11/30,0,0,1,-0.16,GHCND:USW00094846
2013/12/1,0,0,0.5599999999999999,-0.16,GHCND:USW00094846
2013/12/2,0.18000000000000002,0,0.67,-0.16,GHCND:USW00094846
2013/12/3,0.05,0,1,0.27999999999999997,GHCND:USW00094846
2013/12/4,0.05,0,1.33,0.39,GHCND:USW00094846
2013/12/5,0,0,0.39,-0.6,GHCND:USW00094846
2013/12/6,0,0,-0.6,-1.05,GHCND:USW00094846
2013/12/7,0,0,-0.6,-1.32,GHCND:USW00094846
2013/12/8,0.61,79,-0.32,-0.93,GHCND:USW00094846
2013/12/9,0,0,-0.38,-1.77,GHCND:USW00094846
2013/12/10,0,5,-0.6,-2.1,GHCND:USW00094846
2013/12/11,0.13,18,-0.6,-1.71,GHCND:USW00094846
2013/12/12,0,0,-0.71,-1.93,GHCND:USW00094846
2013/12/13,0.03,5,0,-1.05,GHCND:USW00094846
2013/12/14,0.58,102,-0.05,-0.55,GHCND:USW00094846
2013/12/15,0,5,-0.55,-1.21,GHCND:USW00094846
2013/12/16,0.13,18,-0.6,-1.38,GHCND:USW00094846
2013/12/17,0.03,5,0.06,-0.88,GHCND:USW00094846
2013/12/18,0,0,0.17,-0.93,GHCND:USW00094846
2013/12/19,0.15000000000000002,0,0.39,0.06,GHCND:USW00094846
2013/12/20,0.79,0,0.22000000000000003,0.06,GHCND:USW00094846
2013/12/21,0.61,0,0.17,-0.1,GHCND:USW00094846
2013/12/22,0.51,0,0.11000000000000001,-0.43,GHCND:USW00094846
2013/12/23,0,3,-0.32,-1.82,GHCND:USW00094846
2013/12/24,0.03,3,-0.77,-1.88,GHCND:USW00094846
2013/12/25,0.18000000000000002,30,-0.27,-0.77,GHCND:USW00094846
2013/12/26,0,0,0.11000000000000001,-0.99,GHCND:USW00094846
2013/12/27,0,0,0.5,-0.6,GHCND:USW00094846
2013/12/28,0,0,1,0.06,GHCND:USW00094846
2013/12/29,0.03,0,0.44000000000000006,-1.16,GHCND:USW00094846
2013/12/30,0.1,13,-1.05,-1.71,GHCND:USW00094846
2013/12/31,0.76,76,-1.1,-1.66,GHCND:USW00094846
2014/1/1,0.6400000000000001,53,-0.55,-1.21,GHCND:USW00094846
2014/1/2,0.5599999999999999,147,-0.6,-1.82,GHCND:USW00094846
2014/1/3,0,0,-0.66,-2.43,GHCND:USW00094846
2014/1/4,0.66,76,-0.05,-0.71,GHCND:USW00094846
2014/1/5,1.5,221,-0.16,-1.93,GHCND:USW00094846
2014/1/6,0,0,-1.88,-2.66,GHCND:USW00094846
2014/1/7,0,0,-1.6,-2.43,GHCND:USW00094846
2014/1/8,0,0,-0.82,-2.1,GHCND:USW00094846
2014/1/9,0.03,8,-0.27,-1.99,GHCND:USW00094846
2014/1/10,2.0300000000000002,0,0.44000000000000006,-0.27,GHCND:USW00094846
2014/1/11,0.15000000000000002,0,0.44000000000000006,-0.05,GHCND:USW00094846
2014/1/12,0,0,0.67,-0.21,GHCND:USW00094846
2014/1/13,0,0,0.7200000000000001,-0.27,GHCND:USW00094846
2014/1/14,0.03,0,0.17,-0.55,GHCND:USW00094846
2014/1/15,0,3,-0.55,-0.93,GHCND:USW00094846
2014/1/16,0.03,8,0.11000000000000001,-0.71,GHCND:USW00094846
2014/1/17,0.1,28,-0.66,-1.1,GHCND:USW00094846
2014/1/18,0.30000000000000004,61,-0.6,-1.38,GHCND:USW00094846
2014/1/19,0,0,0.27999999999999997,-1.21,GHCND:USW00094846
2014/1/20,0.45999999999999996,86,0.17,-1.05,GHCND:USW00094846
2014/1/21,0.18000000000000002,64,-1.05,-1.77,GHCND:USW00094846
2014/1/22,0,15,-0.93,-1.77,GHCND:USW00094846
2014/1/23,0,0,-1.21,-2.05,GHCND:USW00094846
2014/1/24,0.05,10,-0.21,-2.1,GHCND:USW00094846
2014/1/25,0,0,0.06,-1.38,GHCND:USW00094846
2014/1/26,0.43,61,-0.05,-1.43,GHCND:USW00094846
2014/1/27,0,0,-1.43,-2.16,GHCND:USW00094846
2014/1/28,0,0,-1.6,-2.38,GHCND:USW00094846
2014/1/29,0,0,-0.49,-1.71,GHCND:USW00094846
2014/1/30,0,10,0.06,-0.66,GHCND:USW00094846
2014/1/31,0.03,5,-0.21,-0.82,GHCND:USW00094846
2014/2/1,1.09,97,-0.05,-0.66,GHCND:USW00094846
2014/2/2,0,0,-0.6,-1.82,GHCND:USW00094846
2014/2/3,0,0,-0.6,-2.1,GHCND:USW00094846
2014/2/4,0.2,33,-0.43,-1.38,GHCND:USW00094846
2014/2/5,0.8900000000000001,145,-0.38,-1.27,GHCND:USW00094846
2014/2/6,0,0,-0.99,-1.88,GHCND:USW00094846
2014/2/7,0,0,-1.16,-1.99,GHCND:USW00094846
2014/2/8,0.18000000000000002,64,-0.88,-1.49,GHCND:USW00094846
2014/2/9,0,0,-0.71,-1.55,GHCND:USW00094846
2014/2/10,0,0,-1.1,-1.93,GHCND:USW00094846
2014/2/11,0,0,-0.99,-2.21,GHCND:USW00094846
2014/2/12,0,0,-0.43,-2.05,GHCND:USW00094846
2014/2/13,0,3,0,-1.21,GHCND:USW00094846
2014/2/14,0,0,-0.55,-1.1,GHCND:USW00094846
2014/2/15,0.1,18,-0.43,-1.6,GHCND:USW00094846
2014/2/16,0,0,-0.16,-0.82,GHCND:USW00094846
2014/2/17,0.8900000000000001,127,-0.21,-0.49,GHCND:USW00094846
2014/2/18,0,0,0.78,-0.88,GHCND:USW00094846
2014/2/19,0,0,0.67,-0.1,GHCND:USW00094846
2014/2/20,2.95,3,0.9400000000000001,0.11000000000000001,GHCND:USW00094846
2014/2/21,0,8,0.27999999999999997,-0.32,GHCND:USW00094846
2014/2/22,0,0,0.17,-0.6,GHCND:USW00094846
2014/2/23,0,0,-0.21,-0.93,GHCND:USW00094846
2014/2/24,0,0,-0.38,-1.1,GHCND:USW00094846
2014/2/25,0,0,-0.55,-1.43,GHCND:USW00094846
2014/2/26,0,0,-0.77,-1.71,GHCND:USW00094846
2014/2/27,0,0,-0.77,-1.55,GHCND:USW00094846
2014/2/28,0,0,-0.1,-1.6,GHCND:USW00094846
2014/3/1,0.7400000000000001,94,-0.05,-1.16,GHCND:USW00094846
2014/3/2,0.22999999999999998,36,-0.99,-1.71,GHCND:USW00094846
2014/3/3,0,0,-0.71,-1.88,GHCND:USW00094846
2014/3/4,0,3,-0.27,-1.1,GHCND:USW00094846
2014/3/5,0.38,43,-0.49,-0.71,GHCND:USW00094846
2014/3/6,0,0,0.06,-0.88,GHCND:USW00094846
2014/3/7,0,0,0.8300000000000001,-1.05,GHCND:USW00094846
2014/3/8,0.05,8,0.33,-0.6,GHCND:USW00094846
2014/3/9,0,0,0.5599999999999999,-0.71,GHCND:USW00094846
2014/3/10,0,0,1.17,0.44000000000000006,GHCND:USW00094846
2014/3/11,0.36000000000000004,10,1,0.11000000000000001,GHCND:USW00094846
2014/3/12,1.22,81,0.11000000000000001,-0.99,GHCND:USW00094846
2014/3/13,0,0,0.39,-1.16,GHCND:USW00094846
2014/3/14,0,0,1.17,0.27999999999999997,GHCND:USW00094846
2014/3/15,0,5,0.44000000000000006,-0.27,GHCND:USW00094846
2014/3/16,0,0,-0.27,-0.71,GHCND:USW00094846
2014/3/17,0,0,0.44000000000000006,-0.66,GHCND:USW00094846
2014/3/18,0,0,1.11,-0.27,GHCND:USW00094846
2014/3/19,0.48,0,0.78,0.11000000000000001,GHCND:USW00094846
2014/3/20,0.1,18,0.8300000000000001,-0.1,GHCND:USW00094846
2014/3/21,0,0,1.4400000000000002,-0.1,GHCND:USW00094846
2014/3/22,0,0,0.5,-0.32,GHCND:USW00094846
2014/3/23,0,0,0,-0.71,GHCND:USW00094846
2014/3/24,0,0,0.22000000000000003,-0.66,GHCND:USW00094846
2014/3/25,0.13,15,-0.05,-0.66,GHCND:USW00094846
2014/3/26,0,0,0.39,-0.93,GHCND:USW00094846
2014/3/27,0.51,0,1.2800000000000002,0.11000000000000001,GHCND:USW00094846
2014/3/28,0.15000000000000002,0,1.2800000000000002,0.11000000000000001,GHCND:USW00094846
2014/3/29,0,0,0.5,-0.21,GHCND:USW00094846
2014/3/30,0,0,1.3900000000000001,-0.38,GHCND:USW00094846
2014/3/31,0,0,2,0.5,GHCND:USW00094846
2014/4/1,0,0,1.3900000000000001,0,GHCND:USW00094846
2014/4/2,0,0,0.7200000000000001,0.11000000000000001,GHCND:USW00094846
2014/4/3,1.35,0,0.61,0.17,GHCND:USW00094846
2014/4/4,0,0,0.8900000000000001,0.11000000000000001,GHCND:USW00094846
2014/4/5,0,0,1.06,-0.05,GHCND:USW00094846
2014/4/6,0,0,1.3900000000000001,-0.05,GHCND:USW00094846
2014/4/7,0,0,1.22,0.22000000000000003,GHCND:USW00094846
2014/4/8,0.05,0,1.56,0.44000000000000006,GHCND:USW00094846
2014/4/9,0,0,1.67,0.06,GHCND:USW00094846
2014/4/10,0,0,1.89,0.5,GHCND:USW00094846
2014/4/11,0,0,2.1100000000000003,0.27999999999999997,GHCND:USW00094846
2014/4/12,0,0,2.67,0.67,GHCND:USW00094846
2014/4/13,1.09,0,2.06,0.5599999999999999,GHCND:USW00094846
2014/4/14,0.76,36,1.72,-0.1,GHCND:USW00094846
2014/4/15,0,0,0.33,-0.32,GHCND:USW00094846
2014/4/16,0,0,1.11,-0.32,GHCND:USW00094846
2014/4/17,0,0,1.67,0.44000000000000006,GHCND:USW00094846
2014/4/18,0,0,1.06,0.33,GHCND:USW00094846
2014/4/19,0,0,1.89,0.27999999999999997,GHCND:USW00094846
2014/4/20,0,0,2.6100000000000003,0.5,GHCND:USW00094846
2014/4/21,0,0,2.33,1.4400000000000002,GHCND:USW00094846
2014/4/22,0,0,1.6100000000000003,0.22000000000000003,GHCND:USW00094846
2014/4/23,0.05,0,1.06,0.06,GHCND:USW00094846
2014/4/24,0.15000000000000002,0,1.7800000000000002,0.39,GHCND:USW00094846
2014/4/25,0.5599999999999999,0,2.1100000000000003,0.7200000000000001,GHCND:USW00094846
2014/4/26,0,0,1.3900000000000001,0.44000000000000006,GHCND:USW00094846
2014/4/27,0.08,0,1.56,0.5599999999999999,GHCND:USW00094846
2014/4/28,1.55,0,1.2800000000000002,0.7200000000000001,GHCND:USW00094846
2014/4/29,1.55,0,1.5,0.8300000000000001,GHCND:USW00094846
2014/4/30,0.03,0,1.17,0.61,GHCND:USW00094846
2014/5/1,0.22999999999999998,0,0.9400000000000001,0.5599999999999999,GHCND:USW00094846
2014/5/2,0,0,1.17,0.78,GHCND:USW00094846
2014/5/3,0,0,1.94,0.78,GHCND:USW00094846
2014/5/4,0,0,1.4400000000000002,0.67,GHCND:USW00094846
2014/5/5,0.13,0,1.2800000000000002,0.61,GHCND:USW00094846
2014/5/6,0,0,1.72,0.5,GHCND:USW00094846
2014/5/7,0,0,2.5600000000000005,0.8900000000000001,GHCND:USW00094846
2014/5/8,0.25,0,3.17,1.06,GHCND:USW00094846
2014/5/9,2.62,0,2.2800000000000002,1.22,GHCND:USW00094846
2014/5/10,0,0,2.5,0.8300000000000001,GHCND:USW00094846
2014/5/11,0.30000000000000004,0,2.72,1.11,GHCND:USW00094846
2014/5/12,5.3100000000000005,0,2.89,1.7800000000000002,GHCND:USW00094846
2014/5/13,0.30000000000000004,0,1.94,1.11,GHCND:USW00094846
2014/5/14,0.05,0,1.33,0.67,GHCND:USW00094846
2014/5/15,0.48,0,1.2800000000000002,0.44000000000000006,GHCND:USW00094846
2014/5/16,0.25,0,0.78,0.27999999999999997,GHCND:USW00094846
2014/5/17,0,0,1.56,0.39,GHCND:USW00094846
2014/5/18,0,0,2.06,0.8300000000000001,GHCND:USW00094846
2014/5/19,0,0,2.06,0.7200000000000001,GHCND:USW00094846
2014/5/20,2.08,0,2.94,1.67,GHCND:USW00094846
2014/5/21,0.03,0,3,1.72,GHCND:USW00094846
2014/5/22,0,0,2.1100000000000003,1.17,GHCND:USW00094846
2014/5/23,0,0,2.06,0.8900000000000001,GHCND:USW00094846
2014/5/24,0,0,2.33,0.8300000000000001,GHCND:USW00094846
2014/5/25,0,0,2.83,1,GHCND:USW00094846
2014/5/26,0,0,3.0600000000000005,1.6100000000000003,GHCND:USW00094846
2014/5/27,0.53,0,2.94,1.4400000000000002,GHCND:USW00094846
2014/5/28,0.08,0,2.17,1.33,GHCND:USW00094846
2014/5/29,0,0,2.44,1.22,GHCND:USW00094846
2014/5/30,0,0,2.6100000000000003,1.17,GHCND:USW00094846
2014/5/31,0,0,3.1100000000000003,1.22,GHCND:USW00094846
2014/6/1,0,0,3.2200000000000006,1.72,GHCND:USW00094846
2014/6/2,0.36000000000000004,0,2.83,2,GHCND:USW00094846
2014/6/3,0,0,2.72,1.89,GHCND:USW00094846
2014/6/4,0.48,0,2.1100000000000003,1.2800000000000002,GHCND:USW00094846
2014/6/5,0,0,2.44,1.11,GHCND:USW00094846
2014/6/6,0,0,2.72,0.9400000000000001,GHCND:USW00094846
2014/6/7,0.2,0,2.89,1.3900000000000001,GHCND:USW00094846
2014/6/8,0.58,0,2.22,1.22,GHCND:USW00094846
2014/7/9,0,0,2.67,1.67,GHCND:USW00094846
2014/7/10,0,0,2.6100000000000003,1.56,GHCND:USW00094846
2014/7/11,0.03,0,2.72,1.56,GHCND:USW00094846
2014/7/12,1.1900000000000002,0,2.67,2.1100000000000003,GHCND:USW00094846
2014/7/13,0.03,0,2.94,2,GHCND:USW00094846
2014/7/14,0.51,0,2.67,1.6100000000000003,GHCND:USW00094846
2014/7/15,0.13,0,2.1100000000000003,1.2800000000000002,GHCND:USW00094846
2014/7/16,0,0,2.22,1.2800000000000002,GHCND:USW00094846
2014/7/17,0,0,2.5600000000000005,1.22,GHCND:USW00094846
2014/7/18,0,0,2.6100000000000003,1.5,GHCND:USW00094846
2014/7/19,0,0,2.67,1.3900000000000001,GHCND:USW00094846
2014/7/20,0,0,2.7800000000000002,1.56,GHCND:USW00094846
2014/7/21,0,0,3,1.72,GHCND:USW00094846
2014/7/22,0.03,0,3.2200000000000006,2.06,GHCND:USW00094846
2014/7/23,0,0,2.39,1.5,GHCND:USW00094846
2014/7/24,0,0,2.39,1.3900000000000001,GHCND:USW00094846
2014/7/25,0,0,2.39,1.2800000000000002,GHCND:USW00094846
2014/7/26,0,0,2.89,2,GHCND:USW00094846
2014/7/27,0.05,0,3.0600000000000005,1.83,GHCND:USW00094846
2014/7/28,0,0,2.2800000000000002,1.5,GHCND:USW00094846
2014/7/29,0.03,0,2.72,1.4400000000000002,GHCND:USW00094846
2014/7/30,0,0,2.6100000000000003,1.5,GHCND:USW00094846
2014/7/31,0,0,2.89,1.5,GHCND:USW00094846
2014/8/1,0.38,0,2.94,1.67,GHCND:USW00094846
2014/8/2,0,0,3,1.5,GHCND:USW00094846
2014/8/3,0,0,3.0600000000000005,1.67,GHCND:USW00094846
2014/8/4,7.01,0,3.0600000000000005,1.94,GHCND:USW00094846
2014/8/5,0,0,2.67,1.7800000000000002,GHCND:USW00094846
2014/8/6,0,0,2.67,1.67,GHCND:USW00094846
2014/8/7,0,0,2.72,1.6100000000000003,GHCND:USW00094846
2014/8/8,0,0,2.7800000000000002,1.89,GHCND:USW00094846
2014/8/9,0,0,2.67,1.89,GHCND:USW00094846
2014/8/10,0,0,2.72,2.06,GHCND:USW00094846
2014/8/11,2.16,0,2.7800000000000002,1.94,GHCND:USW00094846
2014/8/12,0.18000000000000002,0,2.1100000000000003,1.6100000000000003,GHCND:USW00094846
2014/8/13,0,0,2.7800000000000002,1.3900000000000001,GHCND:USW00094846
2014/8/14,0,0,2.22,1.3900000000000001,GHCND:USW00094846
2014/8/15,0,0,2.5600000000000005,1.11,GHCND:USW00094846
2014/8/16,0,0,2.7800000000000002,1.67,GHCND:USW00094846
2014/8/17,0,0,2.17,1.7800000000000002,GHCND:USW00094846
2014/8/18,0,0,2.83,1.83,GHCND:USW00094846
2014/8/19,0.22999999999999998,0,3,2.06,GHCND:USW00094846
2014/8/20,0,0,3,1.89,GHCND:USW00094846
2014/8/21,2.49,0,2.6100000000000003,2.1100000000000003,GHCND:USW00094846
2014/8/22,4.010000000000001,0,3,2.22,GHCND:USW00094846
2014/8/23,0.86,0,3,2,GHCND:USW00094846
2014/8/24,0,0,3.1100000000000003,2.1100000000000003,GHCND:USW00094846
2014/8/25,0.03,0,3.1100000000000003,2.17,GHCND:USW00094846
2014/8/26,0.30000000000000004,0,2.94,2.17,GHCND:USW00094846
2014/8/27,0,0,2.7800000000000002,1.94,GHCND:USW00094846
2014/8/28,0,0,2.5,1.94,GHCND:USW00094846
2014/8/29,0.2,0,3,2.17,GHCND:USW00094846
2014/8/30,0.6900000000000001,0,2.83,2.1100000000000003,GHCND:USW00094846
2014/8/31,0,0,2.94,2,GHCND:USW00094846
2014/9/1,0.91,0,2.83,2.1100000000000003,GHCND:USW00094846
2014/9/2,0.03,0,2.7800000000000002,1.94,GHCND:USW00094846
2014/9/3,0,0,2.83,1.6100000000000003,GHCND:USW00094846
2014/9/4,0.66,0,2.94,2.17,GHCND:USW00094846
2014/9/5,1.27,0,3.1100000000000003,1.7800000000000002,GHCND:USW00094846
2014/9/6,0,0,2.39,1.56,GHCND:USW00094846
2014/9/7,0,0,2.67,1.22,GHCND:USW00094846
2014/9/8,0,0,2.5,1.2800000000000002,GHCND:USW00094846
2014/9/9,0.03,0,2.6100000000000003,1.72,GHCND:USW00094846
2014/9/10,3.33,0,2.67,1.33,GHCND:USW00094846
2014/9/11,0,0,1.33,1,GHCND:USW00094846
2014/9/12,0.33,0,1.2800000000000002,0.67,GHCND:USW00094846
2014/9/13,0,0,1.5,0.5,GHCND:USW00094846
2014/9/14,0,0,1.83,0.5599999999999999,GHCND:USW00094846
2014/9/15,0,0,1.67,1.06,GHCND:USW00094846
2014/9/16,0,0,2,0.67,GHCND:USW00094846
2014/9/17,0,0,2.1100000000000003,0.8900000000000001,GHCND:USW00094846
2014/9/18,0,0,2.1100000000000003,1.17,GHCND:USW00094846
2014/9/19,0,0,2.5600000000000005,1.17,GHCND:USW00094846
2014/9/20,0.30000000000000004,0,2.5,1.72,GHCND:USW00094846
2014/9/21,0,0,2.06,1.06,GHCND:USW00094846
2014/9/22,0,0,1.94,0.78,GHCND:USW00094846
2014/9/23,0,0,2.33,1.06,GHCND:USW00094846
2014/9/24,0,0,2.5,1.22,GHCND:USW00094846
2014/9/25,0,0,2.33,1.33,GHCND:USW00094846
2014/9/26,0,0,2.6100000000000003,1.06,GHCND:USW00094846
2014/9/27,0,0,2.6100000000000003,1.22,GHCND:USW00094846
2014/9/28,0,0,2.5600000000000005,1.17,GHCND:USW00094846
2014/9/29,0.03,0,2.83,1.17,GHCND:USW00094846
2014/9/30,0,0,1.4400000000000002,0.8300000000000001,GHCND:USW00094846
2014/10/1,0,0,2.1100000000000003,0.9400000000000001,GHCND:USW00094846
2014/10/2,0.81,0,2.22,1.72,GHCND:USW00094846
2014/10/3,1.7300000000000002,0,1.83,0.61,GHCND:USW00094846
2014/10/4,0.15000000000000002,0,0.8300000000000001,0.17,GHCND:USW00094846
2014/10/5,0.03,0,1.2800000000000002,0.27999999999999997,GHCND:USW00094846
2014/10/6,0.03,0,1.6100000000000003,0.5599999999999999,GHCND:USW00094846
2014/11/6,0,0,1.06,0.33,GHCND:USW00094846
2014/11/7,0,0,0.61,-0.16,GHCND:USW00094846
2014/11/8,0.03,0,0.8300000000000001,0.22000000000000003,GHCND:USW00094846
2014/11/9,0,0,1.11,0.17,GHCND:USW00094846
2014/11/10,0,0,1.67,0.5,GHCND:USW00094846
2014/11/11,0.53,0,1.4400000000000002,-0.05,GHCND:USW00094846
2014/11/12,0,0,-0.05,-0.43,GHCND:USW00094846
2014/11/13,0,0,-0.16,-0.43,GHCND:USW00094846
2014/11/14,0,0,-0.27,-0.6,GHCND:USW00094846
2014/11/15,0.1,36,-0.05,-0.82,GHCND:USW00094846
2014/11/16,0.03,5,-0.05,-0.77,GHCND:USW00094846
2014/11/17,0,8,-0.6,-1.16,GHCND:USW00094846
2014/11/18,0,0,-0.71,-1.27,GHCND:USW00094846
2014/11/19,0,0,0,-0.82,GHCND:USW00094846
2014/11/20,0,0,-0.27,-0.99,GHCND:USW00094846
2014/11/21,0,0,0.17,-1.38,GHCND:USW00094846
2014/11/22,0.18000000000000002,0,1.11,0.06,GHCND:USW00094846
2014/11/23,1.6,0,1.11,0.8900000000000001,GHCND:USW00094846
2014/11/24,1.09,18,0.9400000000000001,-0.43,GHCND:USW00094846
2014/11/25,0.03,5,-0.32,-0.77,GHCND:USW00094846
2014/11/26,0,0,-0.16,-0.82,GHCND:USW00094846
2014/11/27,0,0,-0.27,-0.93,GHCND:USW00094846
2014/11/28,0,0,0.11000000000000001,-0.77,GHCND:USW00094846
2014/11/29,0,0,1.06,-0.16,GHCND:USW00094846
2014/11/30,0,0,1,-0.43,GHCND:USW00094846
2014/12/1,0,0,-0.38,-0.77,GHCND:USW00094846
2014/12/2,0,0,0.11000000000000001,-0.77,GHCND:USW00094846
2014/12/3,0,0,0.27999999999999997,-0.43,GHCND:USW00094846
2014/12/4,0,0,0.17,-0.49,GHCND:USW00094846
2014/12/5,0,0,0.44000000000000006,0,GHCND:USW00094846
2014/12/6,0,0,0.44000000000000006,-0.32,GHCND:USW00094846
2014/12/7,0,0,0.22000000000000003,-0.32,GHCND:USW00094846
2014/12/8,0.51,0,0.27999999999999997,0,GHCND:USW00094846
2014/12/9,0,0,0.33,-0.05,GHCND:USW00094846
2014/12/10,0,0,0.06,-0.21,GHCND:USW00094846
2014/12/11,0,0,0,-0.49,GHCND:USW00094846
2014/12/12,0,0,0.27999999999999997,-0.49,GHCND:USW00094846
2014/12/13,0,0,0.8300000000000001,0.17,GHCND:USW00094846
2014/12/14,0,0,1,0.7200000000000001,GHCND:USW00094846
2014/12/15,0.15000000000000002,0,0.78,0.5599999999999999,GHCND:USW00094846
2014/12/16,0.05,0,0.7200000000000001,-0.16,GHCND:USW00094846
2014/12/17,0,0,-0.16,-0.43,GHCND:USW00094846
2014/12/18,0,0,-0.21,-0.71,GHCND:USW00094846
2014/12/19,0,0,0,-0.27,GHCND:USW00094846
2014/12/20,0,0,0.06,-0.21,GHCND:USW00094846
2014/12/21,0,0,0.22000000000000003,-0.05,GHCND:USW00094846
2014/12/22,0.81,0,0.5,-0.21,GHCND:USW00094846
2014/12/23,0.48,0,0.8900000000000001,0.33,GHCND:USW00094846
2014/12/24,0,0,0.44000000000000006,0.22000000000000003,GHCND:USW00094846
2014/12/25,0,0,0.5599999999999999,0.06,GHCND:USW00094846
2014/12/26,0,0,1,0.22000000000000003,GHCND:USW00094846
2014/12/27,0,0,0.9400000000000001,-0.05,GHCND:USW00094846
2014/12/28,0,0,0.17,-0.55,GHCND:USW00094846
2014/12/29,0,0,-0.1,-0.71,GHCND:USW00094846
2014/12/30,0,0,-0.66,-1.27,GHCND:USW00094846
2014/12/31,0,0,-0.77,-1.55,GHCND:USW00094846
2015/1/1,0,0,0,-0.99,GHCND:USW00094846
2015/1/2,0,0,0.11000000000000001,-0.93,GHCND:USW00094846
2015/1/3,1.4500000000000002,10,0.11000000000000001,-0.16,GHCND:USW00094846
2015/1/4,0.33,56,0.06,-1.66,GHCND:USW00094846
2015/1/5,0.38,46,-1.43,-1.93,GHCND:USW00094846
2015/1/6,0.03,5,-1.21,-2.05,GHCND:USW00094846
2015/1/7,0,0,-1.43,-2.1,GHCND:USW00094846
2015/1/8,0.15000000000000002,76,-0.77,-2.21,GHCND:USW00094846
2015/1/9,0,0,-1.16,-1.77,GHCND:USW00094846
2015/1/10,0,0,-0.43,-1.88,GHCND:USW00094846
2015/1/11,0.48,66,0,-0.55,GHCND:USW00094846
2015/1/12,0,10,-0.21,-0.93,GHCND:USW00094846
2015/1/13,0,5,-0.71,-1.6,GHCND:USW00094846
2015/1/14,0,0,-0.71,-1.71,GHCND:USW00094846
2015/1/15,0,0,0.11000000000000001,-0.82,GHCND:USW00094846
2015/1/16,0,0,0.11000000000000001,-0.49,GHCND:USW00094846
2015/1/17,0,0,0.5599999999999999,-0.32,GHCND:USW00094846
2015/1/18,0,0,0.44000000000000006,-0.27,GHCND:USW00094846
2015/1/19,0,0,0.5,-0.38,GHCND:USW00094846
2015/1/20,0,0,0.22000000000000003,-0.16,GHCND:USW00094846
2015/1/21,0.03,3,0.06,-0.16,GHCND:USW00094846
2015/1/22,0,0,-0.05,-0.21,GHCND:USW00094846
2015/1/23,0,0,-0.05,-0.16,GHCND:USW00094846
2015/1/24,0,0,0.61,-0.16,GHCND:USW00094846
2015/1/25,0.2,15,0.11000000000000001,-0.43,GHCND:USW00094846
2015/1/26,0.18000000000000002,25,-0.32,-0.93,GHCND:USW00094846
2015/1/27,0,0,0,-0.66,GHCND:USW00094846
2015/1/28,0.03,0,0.11000000000000001,-0.71,GHCND:USW00094846
2015/1/29,0.03,3,0.17,-0.21,GHCND:USW00094846
2015/1/30,0,0,-0.1,-0.77,GHCND:USW00094846
2015/1/31,0.30000000000000004,33,0.22000000000000003,-0.71,GHCND:USW00094846
2015/2/1,2.2100000000000004,411,-0.05,-0.71,GHCND:USW00094846
2015/2/2,0.13,46,-0.71,-1.43,GHCND:USW00094846
2015/2/3,0.22999999999999998,41,-0.32,-1.66,GHCND:USW00094846
2015/2/4,0.05,8,-0.38,-1.55,GHCND:USW00094846
2015/2/5,0,0,-0.93,-1.88,GHCND:USW00094846
2015/2/6,0,0,-0.05,-1.05,GHCND:USW00094846
2015/2/7,0,0,0.5,-0.77,GHCND:USW00094846
2015/2/8,0.03,0,0.39,-0.38,GHCND:USW00094846
2015/2/9,0,0,-0.27,-0.71,GHCND:USW00094846
2015/2/10,0,0,0.06,-0.99,GHCND:USW00094846
2015/2/11,0,0,0.17,-0.77,GHCND:USW00094846
2015/2/12,0,0,-0.77,-1.32,GHCND:USW00094846
2015/2/13,0,0,-0.32,-1.49,GHCND:USW00094846
2015/2/14,0,5,-0.27,-1.71,GHCND:USW00094846
2015/2/15,0.08,5,-0.93,-1.93,GHCND:USW00094846
2015/2/16,0,0,-0.77,-1.49,GHCND:USW00094846
2015/2/17,0,3,-0.71,-1.32,GHCND:USW00094846
2015/2/18,0,0,-1.32,-1.93,GHCND:USW00094846
2015/2/19,0,0,-1.55,-2.21,GHCND:USW00094846
2015/2/20,0.03,5,-0.77,-2.16,GHCND:USW00094846
2015/2/21,0,0,0,-0.82,GHCND:USW00094846
2015/2/22,0,0,-0.21,-1.66,GHCND:USW00094846
2015/2/23,0,0,-1.1,-1.99,GHCND:USW00094846
2015/2/24,0.03,3,-0.16,-1.55,GHCND:USW00094846
2015/2/25,0.43,51,-0.32,-1.21,GHCND:USW00094846
2015/2/26,0.43,94,-0.71,-1.77,GHCND:USW00094846
2015/2/27,0,0,-0.99,-1.88,GHCND:USW00094846
2015/2/28,0.05,10,-0.6,-2.32,GHCND:USW00094846
2015/3/1,0,0,-0.38,-1.21,GHCND:USW00094846
2015/3/2,0,0,0.06,-1.05,GHCND:USW00094846
2015/3/3,0.33,18,0.11000000000000001,-0.43,GHCND:USW00094846
2015/3/4,0,0,-0.05,-1.21,GHCND:USW00094846
2015/3/5,0,0,-0.88,-1.6,GHCND:USW00094846
2015/3/6,0,0,-0.27,-1.77,GHCND:USW00094846
2015/3/7,0,0,0.67,-0.43,GHCND:USW00094846
2015/3/8,0,0,0.44000000000000006,-0.21,GHCND:USW00094846
2015/3/9,0,0,1,-0.38,GHCND:USW00094846
2015/3/10,0,0,1.06,0.17,GHCND:USW00094846
2015/3/11,0,0,1.06,-0.1,GHCND:USW00094846
2015/3/12,0,0,1.33,-0.21,GHCND:USW00094846
2015/3/13,0,0,1.83,0.27999999999999997,GHCND:USW00094846
2015/3/14,0,0,1.56,0.27999999999999997,GHCND:USW00094846
2015/3/15,0,0,1.67,-0.16,GHCND:USW00094846
2015/3/16,0,0,2.2800000000000002,0.5599999999999999,GHCND:USW00094846
2015/3/17,0,0,0.7200000000000001,-0.21,GHCND:USW00094846
2015/3/18,0,0,1,-0.21,GHCND:USW00094846
2015/3/19,0,0,0.78,0.27999999999999997,GHCND:USW00094846
2015/3/20,0,0,1,0.33,GHCND:USW00094846
2015/3/21,0,0,0.9400000000000001,0,GHCND:USW00094846
2015/3/22,0.05,5,0.17,-0.32,GHCND:USW00094846
2015/3/23,1.55,142,-0.05,-0.21,GHCND:USW00094846
2015/3/24,0.1,0,0.27999999999999997,-0.71,GHCND:USW00094846
2015/3/25,0.6400000000000001,0,0.5,0.17,GHCND:USW00094846
2015/3/26,0,0,0.5599999999999999,-0.05,GHCND:USW00094846
2015/3/27,0.1,15,-0.05,-0.6,GHCND:USW00094846
2015/3/28,0,0,0.22000000000000003,-0.66,GHCND:USW00094846
2015/3/29,0.03,0,0.8300000000000001,-0.43,GHCND:USW00094846
2015/3/30,0,0,1.6100000000000003,0.11000000000000001,GHCND:USW00094846
2015/3/31,0,0,1.4400000000000002,0.39,GHCND:USW00094846
2015/4/1,0,0,2.22,0.17,GHCND:USW00094846
2015/4/2,0.91,0,1.83,1,GHCND:USW00094846
2015/4/3,0,0,1.17,-0.1,GHCND:USW00094846
2015/4/4,0,0,1.4400000000000002,-0.21,GHCND:USW00094846
2015/4/5,0,0,1.89,0.22000000000000003,GHCND:USW00094846
2015/4/6,0.1,0,1.67,0.11000000000000001,GHCND:USW00094846
2015/4/7,0,0,0.78,0.33,GHCND:USW00094846
2015/4/8,0.13,0,1,0.44000000000000006,GHCND:USW00094846
2015/4/9,3.58,0,2.17,0.5,GHCND:USW00094846
2015/4/10,0,0,1.67,0.39,GHCND:USW00094846
2015/4/11,0,0,1.67,0.33,GHCND:USW00094846
2015/4/12,0,0,2,0.5,GHCND:USW00094846
2015/4/13,0.5599999999999999,0,1.83,0.9400000000000001,GHCND:USW00094846
2015/4/14,0,0,1.89,0.39,GHCND:USW00094846
2015/4/15,0,0,1.7800000000000002,0.61,GHCND:USW00094846
2015/4/16,0,0,1.89,0.7200000000000001,GHCND:USW00094846
2015/4/17,0,0,2.5600000000000005,0.7200000000000001,GHCND:USW00094846
2015/4/18,0,0,1.83,0.8300000000000001,GHCND:USW00094846
2015/4/19,1.17,0,2,0.8900000000000001,GHCND:USW00094846
2015/4/20,0.03,0,1.11,0.5,GHCND:USW00094846
2015/4/21,0,0,1.22,0.33,GHCND:USW00094846
2015/4/22,0,0,0.78,0.11000000000000001,GHCND:USW00094846
2015/4/23,0,0,1.2800000000000002,0,GHCND:USW00094846
2015/4/24,0.41,0,1.3900000000000001,-0.16,GHCND:USW00094846
2015/4/25,0.41,0,0.8900000000000001,0.39,GHCND:USW00094846
2015/4/26,0,0,1.33,0.17,GHCND:USW00094846
2015/4/27,0,0,1.2800000000000002,0.33,GHCND:USW00094846
2015/4/28,0,0,1.4400000000000002,0.17,GHCND:USW00094846
2015/4/29,0,0,1.6100000000000003,0.33,GHCND:USW00094846
2015/4/30,0,0,1.06,0.33,GHCND:USW00094846
2015/5/1,0,0,1.94,0.33,GHCND:USW00094846
2015/5/2,0,0,2.44,1,GHCND:USW00094846
2015/5/3,1.07,0,2.5600000000000005,1.2800000000000002,GHCND:USW00094846
2015/5/4,0,0,2.33,1.2800000000000002,GHCND:USW00094846
2015/5/5,2.41,0,1.33,0.8300000000000001,GHCND:USW00094846
2015/5/6,0,0,2.5,0.78,GHCND:USW00094846
2015/5/7,0.1,0,2.83,1.11,GHCND:USW00094846
2015/5/8,1.9100000000000001,0,2.72,1.72,GHCND:USW00094846
2015/5/9,0.7400000000000001,0,1.7800000000000002,0.8300000000000001,GHCND:USW00094846
2015/5/10,0.36000000000000004,0,1.22,0.7200000000000001,GHCND:USW00094846
2015/5/11,0.5599999999999999,0,2,0.8300000000000001,GHCND:USW00094846
2015/5/12,0,0,1.33,0.67,GHCND:USW00094846
2015/5/13,0,0,1.11,0.44000000000000006,GHCND:USW00094846
2015/5/14,0.61,0,1.89,0.61,GHCND:USW00094846
2015/5/15,0,0,2.44,1.3900000000000001,GHCND:USW00094846
2015/5/16,0.08,0,2.6100000000000003,1.67,GHCND:USW00094846
2015/5/17,0,0,2.7800000000000002,1.89,GHCND:USW00094846
2015/5/18,0,0,2.5,0.9400000000000001,GHCND:USW00094846
2015/5/19,0,0,1.17,0.44000000000000006,GHCND:USW00094846
2015/5/20,0.1,0,0.8900000000000001,0.39,GHCND:USW00094846
2015/5/21,0,0,2.06,0.7200000000000001,GHCND:USW00094846
2015/5/22,0,0,1.89,0.8300000000000001,GHCND:USW00094846
2015/5/23,0,0,2.67,0.78,GHCND:USW00094846
2015/5/24,0.91,0,2.22,1.5,GHCND:USW00094846
2015/5/25,0.18000000000000002,0,2.5600000000000005,1.83,GHCND:USW00094846
2015/5/26,1.27,0,2.33,1.7800000000000002,GHCND:USW00094846
2015/5/27,0,0,2.33,1.5,GHCND:USW00094846
2015/5/28,0,0,2.7800000000000002,1.22,GHCND:USW00094846
2015/5/29,0.51,0,2.72,1.72,GHCND:USW00094846
2015/5/30,1.04,0,2.17,0.67,GHCND:USW00094846
2015/5/31,0,0,1.2800000000000002,0.5599999999999999,GHCND:USW00094846
2015/6/1,0,0,1.56,0.67,GHCND:USW00094846
2015/6/2,0,0,2.1100000000000003,0.5599999999999999,GHCND:USW00094846
2015/6/3,0,0,2.5,1,GHCND:USW00094846
2015/6/4,0,0,2.72,1.3900000000000001,GHCND:USW00094846
2015/6/5,0,0,2.1100000000000003,1.2800000000000002,GHCND:USW00094846
2015/6/6,0,0,2.17,1.11,GHCND:USW00094846
2015/6/7,0.91,0,2.72,1.2800000000000002,GHCND:USW00094846
2015/6/8,0.1,0,2.89,1.6100000000000003,GHCND:USW00094846
2015/6/9,0,0,2.94,1.56,GHCND:USW00094846
2015/6/10,0,0,3.33,2,GHCND:USW00094846
2015/6/11,0.6900000000000001,0,2.22,1.4400000000000002,GHCND:USW00094846
2015/6/12,0.33,0,1.94,1.33,GHCND:USW00094846
2015/6/13,1.02,0,3,1.33,GHCND:USW00094846
2015/6/14,1.52,0,2.83,2,GHCND:USW00094846
2015/6/15,6.5,0,2.67,2,GHCND:USW00094846
2015/6/16,0,0,2.22,1.33,GHCND:USW00094846
2015/6/17,0.36000000000000004,0,2.22,1.33,GHCND:USW00094846
2015/6/18,0.6900000000000001,0,2.6100000000000003,1.4400000000000002,GHCND:USW00094846
2015/6/19,0,0,1.94,1.22,GHCND:USW00094846
2015/6/20,0.79,0,2.5600000000000005,1.17,GHCND:USW00094846
2015/6/21,0,0,2.89,1.94,GHCND:USW00094846
2015/6/22,0.22999999999999998,0,2.83,1.89,GHCND:USW00094846
2015/6/23,0,0,2.7800000000000002,1.72,GHCND:USW00094846
2015/6/24,0,0,2.6100000000000003,1.56,GHCND:USW00094846
2015/6/25,2.5700000000000003,0,2.6100000000000003,1.6100000000000003,GHCND:USW00094846
2015/6/26,0.33,0,1.94,1.4400000000000002,GHCND:USW00094846
2015/6/27,0,0,2.44,1.33,GHCND:USW00094846
2015/6/28,0.05,0,2.6100000000000003,1.22,GHCND:USW00094846
2015/6/29,1.57,0,2.39,1.7800000000000002,GHCND:USW00094846
2015/6/30,0.43,0,2.5,1.3900000000000001,GHCND:USW00094846
2015/7/1,0,0,2.06,1.22,GHCND:USW00094846
2015/7/2,0,0,2.06,1.17,GHCND:USW00094846
2015/7/3,0,0,2.5,1.2800000000000002,GHCND:USW00094846
2015/7/4,0,0,2.72,1.5,GHCND:USW00094846
2015/7/5,0,0,2.83,1.56,GHCND:USW00094846
2015/7/6,1.2400000000000002,0,2.94,1.7800000000000002,GHCND:USW00094846
2015/7/7,0.6900000000000001,0,2.17,1.2800000000000002,GHCND:USW00094846
2015/7/8,0.18000000000000002,0,1.94,1.22,GHCND:USW00094846
2015/7/9,0,0,2.5,1.4400000000000002,GHCND:USW00094846
2015/7/10,0,0,2.83,1.5,GHCND:USW00094846
2015/7/11,0.08,0,2.5600000000000005,1.6100000000000003,GHCND:USW00094846
2015/7/12,0,0,2.83,2.06,GHCND:USW00094846
2015/7/13,1.07,0,3,2,GHCND:USW00094846
2015/7/14,0,0,2.83,1.6100000000000003,GHCND:USW00094846
2015/7/15,0,0,2.39,1.5,GHCND:USW00094846
2015/7/16,2.4600000000000004,0,2.39,1.4400000000000002,GHCND:USW00094846
2015/7/17,0.15000000000000002,0,3.33,2.17,GHCND:USW00094846
2015/7/18,1.37,0,3.17,2.2800000000000002,GHCND:USW00094846
2015/7/19,0,0,2.94,1.83,GHCND:USW00094846
2015/7/20,0,0,2.94,1.72,GHCND:USW00094846
2015/7/21,0,0,2.7800000000000002,1.83,GHCND:USW00094846
2015/7/22,0,0,2.83,1.7800000000000002,GHCND:USW00094846
2015/7/23,0,0,2.94,1.72,GHCND:USW00094846
2015/7/24,0,0,2.89,1.7800000000000002,GHCND:USW00094846
2015/7/25,0,0,3.28,2.06,GHCND:USW00094846
2015/7/26,0,0,2.67,1.7800000000000002,GHCND:USW00094846
2015/7/27,0,0,3.1100000000000003,1.94,GHCND:USW00094846
2015/7/28,0,0,3.28,1.94,GHCND:USW00094846
2015/7/29,0,0,3.1100000000000003,2.1100000000000003,GHCND:USW00094846
2015/7/30,0,0,3.1100000000000003,1.83,GHCND:USW00094846
2015/7/31,0,0,3.0600000000000005,1.94,GHCND:USW00094846
2015/8/1,0,0,3.0600000000000005,1.7800000000000002,GHCND:USW00094846
2015/8/2,1.35,0,3.28,1.94,GHCND:USW00094846
2015/8/3,0,0,2.7800000000000002,1.94,GHCND:USW00094846
2015/8/4,0,0,2.7800000000000002,1.6100000000000003,GHCND:USW00094846
2015/8/5,0,0,2.7800000000000002,1.6100000000000003,GHCND:USW00094846
2015/8/6,0,0,2.83,1.7800000000000002,GHCND:USW00094846
2015/8/7,0,0,2.83,1.72,GHCND:USW00094846
2015/8/8,0,0,2.7800000000000002,2,GHCND:USW00094846
2015/8/9,0,0,2.67,1.94,GHCND:USW00094846
2015/8/10,0.05,0,2.89,2,GHCND:USW00094846
2015/8/11,0,0,2.7800000000000002,1.83,GHCND:USW00094846
2015/8/12,0,0,2.72,1.6100000000000003,GHCND:USW00094846
2015/8/13,0,0,2.94,1.83,GHCND:USW00094846
2015/8/14,0.53,0,3.2200000000000006,1.94,GHCND:USW00094846
2015/8/15,0.36000000000000004,0,3.33,1.94,GHCND:USW00094846
2015/8/16,0,0,3.17,2.17,GHCND:USW00094846
2015/8/17,0.30000000000000004,0,3.1100000000000003,2,GHCND:USW00094846
2015/8/18,1.02,0,2.83,1.94,GHCND:USW00094846
2015/8/19,0,0,2.39,1.67,GHCND:USW00094846
2015/8/20,0,0,2.33,1.5,GHCND:USW00094846
2015/8/21,0,0,2.7800000000000002,1.2800000000000002,GHCND:USW00094846
2015/8/22,0,0,2.72,1.56,GHCND:USW00094846
2015/8/23,0,0,2.5,1.6100000000000003,GHCND:USW00094846
2015/8/24,0,0,2.39,1.2800000000000002,GHCND:USW00094846
2015/8/25,0,0,2.22,1.5,GHCND:USW00094846
2015/8/26,0,0,1.94,1.33,GHCND:USW00094846
2015/8/27,0,0,2.44,1.06,GHCND:USW00094846
2015/8/28,0,0,2.22,1.33,GHCND:USW00094846
2015/8/29,1.8800000000000001,0,2.1100000000000003,1.72,GHCND:USW00094846
2015/8/30,0,0,2.5,1.67,GHCND:USW00094846
2015/8/31,0,0,2.94,1.56,GHCND:USW00094846
2015/9/1,0,0,3.1100000000000003,2,GHCND:USW00094846
2015/9/2,0,0,3.2200000000000006,2.22,GHCND:USW00094846
2015/9/3,0,0,3.28,2.17,GHCND:USW00094846
2015/9/4,0,0,2.94,2,GHCND:USW00094846
2015/9/5,0,0,3.0600000000000005,2.06,GHCND:USW00094846
2015/9/6,0,0,3.33,2.1100000000000003,GHCND:USW00094846
2015/9/7,0,0,3.1100000000000003,2.44,GHCND:USW00094846
2015/9/8,2.64,0,2.72,2,GHCND:USW00094846
2015/9/9,0,0,2.5,1.4400000000000002,GHCND:USW00094846
2015/9/10,0.53,0,2.33,1.22,GHCND:USW00094846
2015/9/11,0.43,0,1.94,1.22,GHCND:USW00094846
2015/9/12,0,0,1.83,1,GHCND:USW00094846
2015/9/13,0,0,2.1100000000000003,0.8900000000000001,GHCND:USW00094846
2015/9/14,0,0,2.7800000000000002,1.11,GHCND:USW00094846
2015/9/15,0,0,2.7800000000000002,1.67,GHCND:USW00094846
2015/9/16,0,0,2.83,1.33,GHCND:USW00094846
2015/9/17,0.91,0,2.94,1.6100000000000003,GHCND:USW00094846
2015/9/18,6.120000000000001,0,2.33,1.83,GHCND:USW00094846
2015/9/19,0.13,0,2.17,1.17,GHCND:USW00094846
2015/9/20,0,0,2.2800000000000002,1,GHCND:USW00094846
2015/9/21,0,0,2.33,1.11,GHCND:USW00094846
2015/9/22,0,0,2.67,1.17,GHCND:USW00094846
2015/9/23,0,0,2.67,1.3900000000000001,GHCND:USW00094846
2015/9/24,0,0,2.44,1.33,GHCND:USW00094846
2015/9/25,0,0,2.2800000000000002,1.56,GHCND:USW00094846
2015/9/26,0,0,2.39,1.56,GHCND:USW00094846
2015/9/27,0,0,2.33,1.6100000000000003,GHCND:USW00094846
2015/9/28,0,0,2.5,1.7800000000000002,GHCND:USW00094846
2015/9/29,1.02,0,2,1.2800000000000002,GHCND:USW00094846
2015/9/30,0,0,1.6100000000000003,1.11,GHCND:USW00094846
2015/10/1,0,0,1.5,1.11,GHCND:USW00094846
2015/10/2,0,0,1.56,1.06,GHCND:USW00094846
2015/10/3,0.03,0,1.22,0.8900000000000001,GHCND:USW00094846
2015/10/4,0,0,1.3900000000000001,1,GHCND:USW00094846
2015/10/5,0,0,1.56,1.2800000000000002,GHCND:USW00094846
2015/10/6,0,0,2.17,1.2800000000000002,GHCND:USW00094846
2015/10/7,0,0,2.17,1.22,GHCND:USW00094846
2015/10/8,0.13,0,2.5,1,GHCND:USW00094846
2015/10/9,0,0,1.7800000000000002,0.8300000000000001,GHCND:USW00094846
2015/10/10,0,0,1.83,0.5599999999999999,GHCND:USW00094846
2015/10/11,0,0,2.6100000000000003,1.06,GHCND:USW00094846
2015/10/12,0,0,2.39,1.17,GHCND:USW00094846
2015/10/13,0,0,1.72,0.8300000000000001,GHCND:USW00094846
2015/10/14,0,0,1.72,0.5599999999999999,GHCND:USW00094846
2015/10/15,0,0,2.06,0.78,GHCND:USW00094846
2015/10/16,0,0,1.2800000000000002,0.27999999999999997,GHCND:USW00094846
2015/10/17,0,0,1.17,0.06,GHCND:USW00094846
2015/10/18,0,0,1.56,0.06,GHCND:USW00094846
2015/10/19,0,0,2.2800000000000002,0.8300000000000001,GHCND:USW00094846
2015/10/20,0.27999999999999997,0,2.33,1.3900000000000001,GHCND:USW00094846
2015/10/21,0.03,0,2.39,1.11,GHCND:USW00094846
2015/10/22,0,0,1.67,1.06,GHCND:USW00094846
2015/10/23,0.41,0,1.7800000000000002,1.11,GHCND:USW00094846
2015/10/24,0.76,0,1.89,0.78,GHCND:USW00094846
2015/10/25,0,0,1.67,0.5,GHCND:USW00094846
2015/10/26,0,0,1.6100000000000003,0.27999999999999997,GHCND:USW00094846
2015/10/27,1.2400000000000002,0,1.33,1,GHCND:USW00094846
2015/10/28,0.8400000000000001,0,1.33,0.27999999999999997,GHCND:USW00094846
2015/10/29,0,0,0.8300000000000001,0.22000000000000003,GHCND:USW00094846
2015/10/30,0,0,1.33,0.22000000000000003,GHCND:USW00094846
2015/10/31,1.9600000000000002,0,1.11,0.7200000000000001,GHCND:USW00094846
2015/11/1,0,0,1.72,0.67,GHCND:USW00094846
2015/11/2,0,0,2.22,0.8300000000000001,GHCND:USW00094846
2015/11/3,0,0,2.1100000000000003,0.67,GHCND:USW00094846
2015/11/4,0,0,2.17,0.8900000000000001,GHCND:USW00094846
2015/11/5,0,0,2.1100000000000003,1.5,GHCND:USW00094846
2015/11/6,0.41,0,1.83,0.5,GHCND:USW00094846
2015/11/7,0,0,1.17,0.17,GHCND:USW00094846
2015/11/8,0,0,1.11,-0.21,GHCND:USW00094846
2015/11/9,0,0,1.33,-0.16,GHCND:USW00094846
2015/11/10,0,0,1.33,0,GHCND:USW00094846
2015/11/11,1.07,0,1.72,0.22000000000000003,GHCND:USW00094846
2015/11/12,0,0,1.33,0.5599999999999999,GHCND:USW00094846
2015/11/13,0,0,0.8300000000000001,0,GHCND:USW00094846
2015/11/14,0,0,1.3900000000000001,-0.38,GHCND:USW00094846
2015/11/15,0,0,1.7800000000000002,0.67,GHCND:USW00094846
2015/11/16,0.30000000000000004,0,1.3900000000000001,0.61,GHCND:USW00094846
2015/11/17,1.6,0,1.6100000000000003,0.8300000000000001,GHCND:USW00094846
2015/11/18,0.51,0,1.67,0.8300000000000001,GHCND:USW00094846
2015/11/19,0,0,0.8300000000000001,0.17,GHCND:USW00094846
2015/11/20,0.71,107,0.44000000000000006,-0.05,GHCND:USW00094846
2015/11/21,2.95,178,0.06,-0.77,GHCND:USW00094846
2015/11/22,0,0,-0.27,-1.38,GHCND:USW00094846
2015/11/23,0,0,0.27999999999999997,-0.38,GHCND:USW00094846
2015/11/24,0,0,0.5,-0.6,GHCND:USW00094846
2015/11/25,0,0,1.11,-0.16,GHCND:USW00094846
2015/11/26,1.07,0,1.56,0.8900000000000001,GHCND:USW00094846
2015/11/27,2.1300000000000003,0,1.33,0.11000000000000001,GHCND:USW00094846
2015/11/28,0,0,0.33,-0.1,GHCND:USW00094846
2015/11/29,0,0,0.5,-0.38,GHCND:USW00094846
2015/11/30,0.66,0,0.67,0.33,GHCND:USW00094846
2015/12/1,0.45999999999999996,0,0.61,0.27999999999999997,GHCND:USW00094846
2015/12/2,0.53,33,0.33,-0.05,GHCND:USW00094846
2015/12/3,0,0,0.17,-0.1,GHCND:USW00094846
2015/12/4,0,0,0.8300000000000001,0,GHCND:USW00094846
2015/12/5,0,0,0.78,-0.16,GHCND:USW00094846
2015/12/6,0,0,0.8300000000000001,-0.27,GHCND:USW00094846
2015/12/7,0,0,0.39,-0.27,GHCND:USW00094846
2015/12/8,0,0,0.8300000000000001,0.33,GHCND:USW00094846
2015/12/9,0,0,1.11,0.44000000000000006,GHCND:USW00094846
2015/12/10,0,0,1.3900000000000001,0.5,GHCND:USW00094846
2015/12/11,0,0,1.06,0.5,GHCND:USW00094846
2015/12/12,0,0,1.3900000000000001,0.8300000000000001,GHCND:USW00094846
2015/12/13,2.16,0,1.6100000000000003,0.8900000000000001,GHCND:USW00094846
2015/12/14,0.9900000000000001,0,1.6100000000000003,0.5599999999999999,GHCND:USW00094846
2015/12/15,0,0,0.61,0.39,GHCND:USW00094846
2015/12/16,0.30000000000000004,0,1.17,0.17,GHCND:USW00094846
2015/12/17,0,0,0.17,-0.21,GHCND:USW00094846
2015/12/18,0,5,0,-0.43,GHCND:USW00094846
2015/12/19,0,0,-0.1,-0.93,GHCND:USW00094846
2015/12/20,0.08,0,1,-0.49,GHCND:USW00094846
2015/12/21,1.7000000000000002,0,1.11,0.5,GHCND:USW00094846
2015/12/22,0.05,0,0.5,0.17,GHCND:USW00094846
2015/12/23,1.2400000000000002,0,1.5,0.44000000000000006,GHCND:USW00094846
2015/12/24,0,0,0.5599999999999999,0.11000000000000001,GHCND:USW00094846
2015/12/25,0,0,0.67,0,GHCND:USW00094846
2015/12/26,0.53,0,0.5599999999999999,0.27999999999999997,GHCND:USW00094846
2015/12/27,0.36000000000000004,0,0.44000000000000006,0.17,GHCND:USW00094846
2015/12/28,3.73,48,0.39,-0.05,GHCND:USW00094846
2015/12/29,0,0,0.39,-0.16,GHCND:USW00094846
2015/12/30,0.22999999999999998,28,-0.16,-0.27,GHCND:USW00094846
2015/12/31,0,0,-0.21,-0.55,GHCND:USW00094846
2016/1/1,0,0,-0.05,-0.71,GHCND:USW00094846
2016/1/2,0,0,0,-0.66,GHCND:USW00094846
2016/1/3,0,0,-0.16,-0.55,GHCND:USW00094846
2016/1/4,0,0,-0.05,-0.55,GHCND:USW00094846
2016/1/5,0,0,0.06,-0.82,GHCND:USW00094846
2016/1/6,0,0,0.22000000000000003,-0.6,GHCND:USW00094846
2016/1/7,0.03,0,0.5,0.11000000000000001,GHCND:USW00094846
2016/1/8,0.48,0,0.5599999999999999,0.22000000000000003,GHCND:USW00094846
2016/1/9,0.6900000000000001,43,0.44000000000000006,-0.49,GHCND:USW00094846
2016/1/10,0,0,-0.49,-1.66,GHCND:USW00094846
2016/1/11,0.27999999999999997,79,-0.43,-1.82,GHCND:USW00094846
2016/1/12,0.03,3,-0.66,-1.6,GHCND:USW00094846
2016/1/13,0,3,-0.38,-1.88,GHCND:USW00094846
2016/1/14,0,0,0.67,-0.43,GHCND:USW00094846
2016/1/15,0.03,0,0.61,-0.1,GHCND:USW00094846
2016/1/16,0,0,-0.1,-1.27,GHCND:USW00094846
2016/1/17,0,0,-1.32,-1.82,GHCND:USW00094846
2016/1/18,0,0,-1.38,-1.99,GHCND:USW00094846
2016/1/19,0,0,-0.82,-1.77,GHCND:USW00094846
2016/1/20,0.13,23,-0.49,-1.1,GHCND:USW00094846
2016/1/21,0,0,-0.16,-1.27,GHCND:USW00094846
2016/1/22,0.05,10,-0.1,-0.71,GHCND:USW00094846
2016/1/23,0,0,0.06,-0.66,GHCND:USW00094846
2016/1/24,0,0,0.11000000000000001,-0.43,GHCND:USW00094846
2016/1/25,0.33,0,0.5,-0.43,GHCND:USW00094846
2016/1/26,0.05,0,0.22000000000000003,-0.43,GHCND:USW00094846
2016/1/27,0,0,0.11000000000000001,-0.49,GHCND:USW00094846
2016/1/28,0,0,0.39,-0.16,GHCND:USW00094846
2016/1/29,0,0,0.17,-0.66,GHCND:USW00094846
2016/1/30,0,0,0.78,0.17,GHCND:USW00094846
2016/1/31,0.05,0,0.8900000000000001,0.06,GHCND:USW00094846
2016/2/1,0,0,0.7200000000000001,-0.1,GHCND:USW00094846
2016/2/2,2.0100000000000002,0,0.33,0,GHCND:USW00094846
2016/2/3,0.05,0,0.27999999999999997,-0.21,GHCND:USW00094846
2016/2/4,0,0,0,-0.71,GHCND:USW00094846
2016/2/5,0,0,0.11000000000000001,-0.38,GHCND:USW00094846
2016/2/6,0,0,0.5,-0.43,GHCND:USW00094846
2016/2/7,0,0,0.61,0,GHCND:USW00094846
2016/2/8,0.05,10,0,-0.66,GHCND:USW00094846
2016/2/9,0.05,15,-0.6,-1.05,GHCND:USW00094846
2016/2/10,0,0,-0.77,-1.27,GHCND:USW00094846
2016/2/11,0,0,-0.6,-1.38,GHCND:USW00094846
2016/2/12,0,0,-0.49,-1.38,GHCND:USW00094846
2016/2/13,0,0,-0.82,-1.66,GHCND:USW00094846
2016/2/14,0.25,58,-0.77,-1.27,GHCND:USW00094846
2016/2/15,0.03,3,-0.27,-0.77,GHCND:USW00094846
2016/2/16,0.1,10,0.06,-0.43,GHCND:USW00094846
2016/2/17,0,0,0.11000000000000001,-0.6,GHCND:USW00094846
2016/2/18,0,0,0.5599999999999999,-0.49,GHCND:USW00094846
2016/2/19,0,0,1.67,0.5,GHCND:USW00094846
2016/2/20,0,0,1.3900000000000001,0.33,GHCND:USW00094846
2016/2/21,0,0,0.5,-0.16,GHCND:USW00094846
2016/2/22,0,0,0.67,-0.32,GHCND:USW00094846
2016/2/23,0,0,0.7200000000000001,-0.32,GHCND:USW00094846
2016/2/24,0.38,43,0.22000000000000003,0,GHCND:USW00094846
2016/2/25,0,0,0.27999999999999997,-0.05,GHCND:USW00094846
2016/2/26,0,0,0.06,-0.43,GHCND:USW00094846
2016/2/27,0,0,1.22,-0.21,GHCND:USW00094846
2016/2/28,0.2,0,1.67,0.22000000000000003,GHCND:USW00094846
2016/2/29,0,0,1.11,-0.21,GHCND:USW00094846
2016/3/1,0.25,25,-0.1,-0.77,GHCND:USW00094846
2016/3/2,0,0,0,-1.16,GHCND:USW00094846
2016/3/3,0.18000000000000002,20,0.06,-0.27,GHCND:USW00094846
2016/3/4,0.18000000000000002,20,0.39,-0.66,GHCND:USW00094846
2016/3/5,0,0,0.39,-0.16,GHCND:USW00094846
2016/3/6,0,0,1.11,0.06,GHCND:USW00094846
2016/3/7,0.08,0,1.72,0.67,GHCND:USW00094846
2016/3/8,0,0,2.1100000000000003,1.4400000000000002,GHCND:USW00094846
2016/3/9,0.45999999999999996,0,1.72,0.8900000000000001,GHCND:USW00094846
2016/3/10,0,0,1.06,0.27999999999999997,GHCND:USW00094846
2016/3/11,0,0,1.2800000000000002,0.11000000000000001,GHCND:USW00094846
2016/3/12,0,0,1.5,0.06,GHCND:USW00094846
2016/3/13,1.6800000000000002,0,0.8900000000000001,0.61,GHCND:USW00094846
2016/3/14,0.03,0,1.2800000000000002,0.61,GHCND:USW00094846
2016/3/15,0.36000000000000004,0,1.4400000000000002,0.78,GHCND:USW00094846
2016/3/16,0.1,0,1.33,0.7200000000000001,GHCND:USW00094846
2016/3/17,0,0,1.33,0.44000000000000006,GHCND:USW00094846
2016/3/18,0,0,0.9400000000000001,0,GHCND:USW00094846
2016/3/19,0,0,0.78,0.17,GHCND:USW00094846
2016/3/20,0,0,0.67,-0.1,GHCND:USW00094846
2016/3/21,0,0,0.9400000000000001,-0.21,GHCND:USW00094846
2016/3/22,0,0,1.72,0.44000000000000006,GHCND:USW00094846
2016/3/23,0.27999999999999997,0,0.5599999999999999,0.22000000000000003,GHCND:USW00094846
2016/3/24,2.77,0,0.39,-0.1,GHCND:USW00094846
2016/3/25,0,0,0.8900000000000001,-0.21,GHCND:USW00094846
2016/3/26,0,0,1.22,-0.05,GHCND:USW00094846
2016/3/27,0.81,0,1.72,0.22000000000000003,GHCND:USW00094846
2016/3/28,0,0,1.17,0.17,GHCND:USW00094846
2016/3/29,0,0,1.4400000000000002,-0.05,GHCND:USW00094846
2016/3/30,0.33,0,1.67,0.5599999999999999,GHCND:USW00094846
2016/3/31,0.9900000000000001,0,1.94,0.67,GHCND:USW00094846
2016/4/1,0.2,0,0.9400000000000001,0.17,GHCND:USW00094846
2016/4/2,0.05,8,0.44000000000000006,-0.27,GHCND:USW00094846
2016/4/3,0,0,2.17,-0.32,GHCND:USW00094846
2016/4/4,0,0,0.33,-0.16,GHCND:USW00094846
2016/4/5,0.05,0,0.7200000000000001,-0.43,GHCND:USW00094846
2016/4/6,0.79,0,1,0.44000000000000006,GHCND:USW00094846
2016/4/7,0.15000000000000002,3,0.5,0.06,GHCND:USW00094846
2016/4/8,0.25,18,0.5,-0.32,GHCND:USW00094846
2016/4/9,0,0,0.33,-0.55,GHCND:USW00094846
2016/4/10,0.25,0,1,0.06,GHCND:USW00094846
2016/4/11,0,0,1.06,0.22000000000000003,GHCND:USW00094846
2016/4/12,0,0,0.8300000000000001,-0.1,GHCND:USW00094846
2016/4/13,0,0,1.33,0.11000000000000001,GHCND:USW00094846
2016/4/14,0,0,1.6100000000000003,0.27999999999999997,GHCND:USW00094846
2016/4/15,0,0,2,0.5599999999999999,GHCND:USW00094846
2016/4/16,0,0,2.44,0.5,GHCND:USW00094846
2016/4/17,0,0,2.6100000000000003,0.7200000000000001,GHCND:USW00094846
2016/4/18,0,0,2.83,0.9400000000000001,GHCND:USW00094846
2016/4/19,0,0,1.3900000000000001,0.78,GHCND:USW00094846
2016/4/20,1.22,0,2.17,1.06,GHCND:USW00094846
2016/4/21,0.03,0,2.1100000000000003,1,GHCND:USW00094846
2016/4/22,0,0,1.22,0.5,GHCND:USW00094846
2016/4/23,0,0,1.56,0.33,GHCND:USW00094846
2016/4/24,0,0,2.5600000000000005,0.5,GHCND:USW00094846
2016/4/25,0.2,0,2.83,1.4400000000000002,GHCND:USW00094846
2016/4/26,0,0,2,0.5599999999999999,GHCND:USW00094846
2016/4/27,1.1900000000000002,0,0.9400000000000001,0.5,GHCND:USW00094846
2016/4/28,1.1400000000000001,0,1,0.5599999999999999,GHCND:USW00094846
2016/4/29,0.03,0,1.06,0.5,GHCND:USW00094846
2016/4/30,1.55,0,0.8900000000000001,0.61,GHCND:USW00094846
2016/5/1,1.3,0,0.9400000000000001,0.5599999999999999,GHCND:USW00094846
2016/5/2,0,0,1.5,0.5599999999999999,GHCND:USW00094846
2016/5/3,0,0,1.94,0.44000000000000006,GHCND:USW00094846
2016/5/4,1.02,0,1.3900000000000001,0.5599999999999999,GHCND:USW00094846
2016/5/5,0,0,1.6100000000000003,0.5,GHCND:USW00094846
2016/5/6,0,0,2.7800000000000002,0.5599999999999999,GHCND:USW00094846
2016/5/7,0.05,0,2.1100000000000003,0.67,GHCND:USW00094846
2016/5/8,0,0,2.17,0.5,GHCND:USW00094846
2016/5/9,1.5,0,1.4400000000000002,1,GHCND:USW00094846
2016/5/10,2.0100000000000002,0,1.72,1.06,GHCND:USW00094846
2016/5/11,0.48,0,2.06,1.06,GHCND:USW00094846
2016/5/12,1.22,0,2.1100000000000003,1.17,GHCND:USW00094846
2016/5/13,1.7300000000000002,0,1.89,0.61,GHCND:USW00094846
2016/5/14,0,0,0.8300000000000001,0.5,GHCND:USW00094846
2016/5/15,0,0,1.2800000000000002,0.17,GHCND:USW00094846
2016/5/16,0,0,2.1100000000000003,0.78,GHCND:USW00094846
2016/5/17,0,0,1.3900000000000001,0.67,GHCND:USW00094846
2016/5/18,0,0,1.83,0.5,GHCND:USW00094846
2016/5/19,0,0,2.06,0.39,GHCND:USW00094846
2016/5/20,0,0,2,0.67,GHCND:USW00094846
2016/5/21,0,0,2.39,1.17,GHCND:USW00094846
2016/5/22,0,0,2.5,1.17,GHCND:USW00094846
2016/5/23,0,0,2.72,0.8900000000000001,GHCND:USW00094846
2016/5/24,0,0,3,1.56,GHCND:USW00094846
2016/5/25,2.41,0,3,1.7800000000000002,GHCND:USW00094846
2016/5/26,0,0,2.83,1.67,GHCND:USW00094846
2016/5/27,0.33,0,2.72,1.89,GHCND:USW00094846
2016/5/28,0.33,0,2.72,1.7800000000000002,GHCND:USW00094846
2016/5/29,0,0,2.6100000000000003,1.72,GHCND:USW00094846
2016/5/30,0,0,3.0600000000000005,1.72,GHCND:USW00094846
2016/5/31,1.42,0,2.83,1.72,GHCND:USW00094846
2016/6/1,1.07,0,2.6100000000000003,1.67,GHCND:USW00094846
2016/6/2,0,0,2.6100000000000003,1.3900000000000001,GHCND:USW00094846
2016/6/3,0,0,2.89,1.2800000000000002,GHCND:USW00094846
2016/6/4,1.04,0,2.22,1.67,GHCND:USW00094846
2016/6/5,0.13,0,2.6100000000000003,1.6100000000000003,GHCND:USW00094846
2016/6/6,0,0,2.7800000000000002,1.5,GHCND:USW00094846
2016/6/7,0,0,1.94,1.06,GHCND:USW00094846
2016/6/8,0,0,2.1100000000000003,1.11,GHCND:USW00094846
2016/6/9,0.53,0,2.22,1.17,GHCND:USW00094846
2016/6/10,0.25,0,3.2200000000000006,1.72,GHCND:USW00094846
2016/6/11,0,0,3.28,2.17,GHCND:USW00094846
2016/6/12,0,0,2.6100000000000003,1.5,GHCND:USW00094846
2016/6/13,0.05,0,3,1.22,GHCND:USW00094846
2016/6/14,0,0,3.0600000000000005,1.7800000000000002,GHCND:USW00094846
2016/6/15,0.76,0,3.2200000000000006,2,GHCND:USW00094846
2016/6/16,0,0,2.5,1.72,GHCND:USW00094846
2016/6/17,0,0,2.94,1.6100000000000003,GHCND:USW00094846
2016/6/18,0,0,3.0600000000000005,1.4400000000000002,GHCND:USW00094846
2016/6/19,0,0,3.17,1.67,GHCND:USW00094846
2016/6/20,0,0,3.39,2.1100000000000003,GHCND:USW00094846
2016/6/21,0,0,2.89,1.7800000000000002,GHCND:USW00094846
2016/6/22,3.33,0,2.44,1.94,GHCND:USW00094846
2016/6/23,0,0,2.5600000000000005,1.7800000000000002,GHCND:USW00094846
2016/6/24,0,0,2.7800000000000002,1.67,GHCND:USW00094846
2016/6/25,0,0,3.17,1.83,GHCND:USW00094846
2016/6/26,0.08,0,3.2200000000000006,2.22,GHCND:USW00094846
2016/6/27,0,0,3.2200000000000006,2.06,GHCND:USW00094846
2016/6/28,0,0,2.17,1.3900000000000001,GHCND:USW00094846
2016/6/29,0,0,2.72,1.2800000000000002,GHCND:USW00094846
2016/6/30,0,0,2.5600000000000005,1.3900000000000001,GHCND:USW00094846
2016/7/1,0,0,2.22,1.5,GHCND:USW00094846
2016/7/2,0,0,2.44,1.22,GHCND:USW00094846
2016/7/3,0,0,2.5,1.2800000000000002,GHCND:USW00094846
2016/7/4,0,0,2.6100000000000003,1.89,GHCND:USW00094846
2016/7/5,0,0,3.0600000000000005,1.89,GHCND:USW00094846
2016/7/6,2.2100000000000004,0,3.1100000000000003,1.94,GHCND:USW00094846
2016/7/7,2.67,0,2.89,2.1100000000000003,GHCND:USW00094846
2016/7/8,0,0,3,2,GHCND:USW00094846
2016/7/9,0,0,2.6100000000000003,1.83,GHCND:USW00094846
2016/7/10,0,0,2.7800000000000002,1.56,GHCND:USW00094846
2016/7/11,0,0,3.2200000000000006,2.06,GHCND:USW00094846
2016/7/12,0,0,3.1100000000000003,2.33,GHCND:USW00094846
2016/7/13,0.15000000000000002,0,2.89,2,GHCND:USW00094846
2016/7/14,0,0,3.1100000000000003,1.94,GHCND:USW00094846
2016/7/15,0.36000000000000004,0,2.39,1.56,GHCND:USW00094846
2016/7/16,0,0,2.5,1.3900000000000001,GHCND:USW00094846
2016/7/17,0.6400000000000001,0,2.83,1.6100000000000003,GHCND:USW00094846
2016/7/18,0,0,3.1100000000000003,2.17,GHCND:USW00094846
2016/7/19,0,0,3.28,2,GHCND:USW00094846
2016/7/20,0,0,3.1100000000000003,2.06,GHCND:USW00094846
2016/7/21,2.62,0,3.28,2.22,GHCND:USW00094846
2016/7/22,0.03,0,3.2200000000000006,2.22,GHCND:USW00094846
2016/7/23,2.8200000000000003,0,3.28,2.1100000000000003,GHCND:USW00094846
2016/7/24,2.39,0,3.39,2.17,GHCND:USW00094846
2016/7/25,0,0,3.17,2.22,GHCND:USW00094846
2016/7/26,0,0,3.1100000000000003,2.06,GHCND:USW00094846
2016/7/27,0,0,3.17,2,GHCND:USW00094846
2016/8/27,2.1300000000000003,0,2.89,1.94,GHCND:USW00094846
2016/8/28,0,0,2.83,2.17,GHCND:USW00094846
2016/8/29,1.09,0,3,2.1100000000000003,GHCND:USW00094846
2016/8/30,0.48,0,2.89,2.1100000000000003,GHCND:USW00094846
2016/8/31,0,0,2.44,1.72,GHCND:USW00094846
2016/9/1,0,0,2.2800000000000002,1.67,GHCND:USW00094846
2016/9/2,0,0,2.33,1.67,GHCND:USW00094846
2016/9/3,0,0,2.44,1.33,GHCND:USW00094846
2016/9/4,0,0,2.67,1.5,GHCND:USW00094846
2016/9/5,0,0,3.0600000000000005,1.67,GHCND:USW00094846
2016/9/6,0,0,3.28,2.39,GHCND:USW00094846
2016/9/7,0.9900000000000001,0,3.17,2.33,GHCND:USW00094846
2016/9/8,0.13,0,2.7800000000000002,2.1100000000000003,GHCND:USW00094846
2016/9/9,0,0,2.72,1.72,GHCND:USW00094846
2016/9/10,0.03,0,2.2800000000000002,1.5,GHCND:USW00094846
2016/9/11,0,0,2.44,1.06,GHCND:USW00094846
2016/9/12,0,0,2.6100000000000003,1.22,GHCND:USW00094846
2016/9/13,0,0,2.94,1.83,GHCND:USW00094846
2016/9/14,0.22999999999999998,0,2.33,1.7800000000000002,GHCND:USW00094846
2016/9/15,0,0,2.5600000000000005,1.56,GHCND:USW00094846
2016/9/16,0.03,0,2.83,1.83,GHCND:USW00094846
2016/9/17,0.1,0,2.7800000000000002,1.67,GHCND:USW00094846
2016/9/18,0,0,2.72,1.3900000000000001,GHCND:USW00094846
2016/9/19,0,0,3.1100000000000003,1.33,GHCND:USW00094846
2016/9/20,0,0,2.83,1.89,GHCND:USW00094846
2016/9/21,1.4000000000000001,0,2.33,1.83,GHCND:USW00094846
2016/9/22,0,0,2.72,1.7800000000000002,GHCND:USW00094846
2016/9/23,0,0,2.2800000000000002,1.94,GHCND:USW00094846
2016/9/24,0,0,2.33,1.89,GHCND:USW00094846
2016/9/25,0.03,0,2.94,1.72,GHCND:USW00094846
2016/9/26,0,0,2.06,1.33,GHCND:USW00094846
2016/9/27,0,0,2.1100000000000003,1.06,GHCND:USW00094846
2016/9/28,0.79,0,1.56,1,GHCND:USW00094846
2016/9/29,0.51,0,1.83,1.5,GHCND:USW00094846
2016/9/30,0.25,0,1.7800000000000002,1.56,GHCND:USW00094846
2016/10/1,2.39,0,1.7800000000000002,1.3900000000000001,GHCND:USW00094846
2016/10/2,0.08,0,1.83,1.33,GHCND:USW00094846
2016/10/3,0,0,1.94,1.3900000000000001,GHCND:USW00094846
2016/10/4,0,0,2.39,1.56,GHCND:USW00094846
2016/10/5,0,0,2.67,1.5,GHCND:USW00094846
2016/10/6,0.6400000000000001,0,2.33,1.4400000000000002,GHCND:USW00094846
2016/10/7,0,0,2.1100000000000003,0.8300000000000001,GHCND:USW00094846
2016/10/8,0,0,1.83,0.44000000000000006,GHCND:USW00094846
2016/10/9,0,0,1.72,0.8300000000000001,GHCND:USW00094846
2016/10/10,0,0,2.17,0.7200000000000001,GHCND:USW00094846
2016/10/11,0,0,2.2800000000000002,1.22,GHCND:USW00094846
2016/10/12,0.36000000000000004,0,2.06,0.7200000000000001,GHCND:USW00094846
2016/10/13,0,0,1.3900000000000001,0.33,GHCND:USW00094846
2016/10/14,0,0,1.89,0.33,GHCND:USW00094846
2016/10/15,0,0,2.1100000000000003,1.17,GHCND:USW00094846
2016/10/16,0.7400000000000001,0,2.22,1.83,GHCND:USW00094846
2016/10/17,0,0,2.7800000000000002,1.94,GHCND:USW00094846
2016/10/18,0,0,2.44,1.2800000000000002,GHCND:USW00094846
2016/10/19,0.05,0,2.17,0.9400000000000001,GHCND:USW00094846
2016/10/20,0,0,1.33,0.7200000000000001,GHCND:USW00094846
2016/10/21,0,0,1.22,0.27999999999999997,GHCND:USW00094846
2016/10/22,0,0,1.56,0.27999999999999997,GHCND:USW00094846
2016/10/23,0,0,2.2800000000000002,0.5,GHCND:USW00094846
2016/10/24,0,0,1.5,0.39,GHCND:USW00094846
2016/10/25,0,0,1.22,0.22000000000000003,GHCND:USW00094846
2016/10/26,4.0600000000000005,0,1.06,0.7200000000000001,GHCND:USW00094846
2016/10/27,0,0,1.06,0.5599999999999999,GHCND:USW00094846
2016/10/28,0,0,1.83,0.33,GHCND:USW00094846
2016/10/29,0,0,2.17,1.33,GHCND:USW00094846
2016/10/30,1.27,0,1.33,0.5,GHCND:USW00094846
2016/10/31,0,0,1.6100000000000003,0.33,GHCND:USW00094846
2016/11/1,0,0,2.39,1.6100000000000003,GHCND:USW00094846
2016/11/2,0.45999999999999996,0,1.83,1.2800000000000002,GHCND:USW00094846
2016/11/3,0,0,1.94,0.8900000000000001,GHCND:USW00094846
2016/11/4,0,0,1.72,0.44000000000000006,GHCND:USW00094846
2016/11/5,0,0,2,0.61,GHCND:USW00094846
2016/11/6,0,0,2.06,0.5599999999999999,GHCND:USW00094846
2016/11/7,0,0,1.89,0.5599999999999999,GHCND:USW00094846
2016/11/8,0.08,0,1.72,0.9400000000000001,GHCND:USW00094846
2016/11/9,0,0,1.4400000000000002,0.5,GHCND:USW00094846
2016/11/10,0,0,1.72,0.5,GHCND:USW00094846
2016/11/11,0,0,1.11,0.27999999999999997,GHCND:USW00094846
2016/11/12,0,0,1.11,-0.05,GHCND:USW00094846
2016/11/13,0,0,1.33,0.17,GHCND:USW00094846
2016/11/14,0,0,1.56,0.5,GHCND:USW00094846
2016/11/15,0,0,1.22,0.33,GHCND:USW00094846
2016/11/16,0,0,1.56,0.39,GHCND:USW00094846
2016/11/17,0,0,2.22,0.67,GHCND:USW00094846
2016/11/18,0.51,0,1.89,0.39,GHCND:USW00094846
2016/11/19,0.03,0,0.39,-0.21,GHCND:USW00094846
2016/11/20,0,0,0.17,-0.49,GHCND:USW00094846
2016/11/21,0,0,0.5,-0.55,GHCND:USW00094846
2016/11/22,0.05,0,0.5,-0.38,GHCND:USW00094846
2016/11/23,0.53,0,0.67,0.27999999999999997,GHCND:USW00094846
2016/11/24,0,0,0.61,0.17,GHCND:USW00094846
2016/11/25,0,0,0.5599999999999999,-0.05,GHCND:USW00094846
2016/11/26,0,0,0.8300000000000001,0,GHCND:USW00094846
2016/11/27,0.13,0,0.67,0,GHCND:USW00094846
2016/11/28,2.5100000000000002,0,1.06,0.5,GHCND:USW00094846
2016/11/29,0,0,1.3900000000000001,0.67,GHCND:USW00094846
2016/11/30,0,0,0.7200000000000001,0.11000000000000001,GHCND:USW00094846
2016/12/1,0,0,0.5,0.17,GHCND:USW00094846
2016/12/2,0,0,0.44000000000000006,0.11000000000000001,GHCND:USW00094846
2016/12/3,0,0,0.11000000000000001,-0.16,GHCND:USW00094846
2016/12/4,1.27,163,0.06,-0.27,GHCND:USW00094846
2016/12/5,0,0,0.11000000000000001,-0.05,GHCND:USW00094846
2016/12/6,0,0,0.5,-0.38,GHCND:USW00094846
2016/12/7,0,0,-0.27,-0.55,GHCND:USW00094846
2016/12/8,0.03,0,-0.43,-0.82,GHCND:USW00094846
2016/12/9,0,0,-0.38,-0.77,GHCND:USW00094846
2016/12/10,0.30000000000000004,69,-0.49,-0.77,GHCND:USW00094846
2016/12/11,1.1199999999999999,130,0.06,-0.49,GHCND:USW00094846
2016/12/12,0,0,0,-1.38,GHCND:USW00094846
2016/12/13,0,3,-0.55,-1.66,GHCND:USW00094846
2016/12/14,0,0,-0.71,-1.6,GHCND:USW00094846
2016/12/15,0,0,-1.27,-1.88,GHCND:USW00094846
2016/12/16,0.33,30,-0.66,-1.38,GHCND:USW00094846
2016/12/17,0.30000000000000004,43,-0.55,-0.77,GHCND:USW00094846
2016/12/18,0.08,13,-0.77,-2.16,GHCND:USW00094846
2016/12/19,0,0,-0.93,-2.49,GHCND:USW00094846
2016/12/20,0,0,-0.21,-0.99,GHCND:USW00094846
2016/12/21,0,0,0.22000000000000003,-0.71,GHCND:USW00094846
2016/12/22,0,0,0.27999999999999997,-0.43,GHCND:USW00094846
2016/12/23,0.25,0,0.17,-0.27,GHCND:USW00094846
2016/12/24,0,0,0.33,0.06,GHCND:USW00094846
2016/12/25,0.22999999999999998,0,0.39,0,GHCND:USW00094846
2016/12/26,0.58,0,1.22,-0.21,GHCND:USW00094846
2016/12/27,0,0,-0.21,-0.71,GHCND:USW00094846
2016/12/28,0,0,0.7200000000000001,-0.71,GHCND:USW00094846
2016/12/29,0,0,0.17,-0.1,GHCND:USW00094846
2016/12/30,0,0,0.33,-0.43,GHCND:USW00094846
2016/12/31,0,0,0.44000000000000006,-0.49,GHCND:USW00094846
2017/1/1,0,0,0.44000000000000006,-0.82,GHCND:USW00094846
2017/1/2,0.27999999999999997,0,0.44000000000000006,-0.38,GHCND:USW00094846
2017/1/3,0,0,0.39,-0.71,GHCND:USW00094846
2017/1/4,0,0,-0.71,-1.38,GHCND:USW00094846
2017/1/5,0,0,-1.05,-1.6,GHCND:USW00094846
2017/1/6,0,0,-1.27,-1.77,GHCND:USW00094846
2017/1/7,0,0,-0.77,-1.77,GHCND:USW00094846
2017/1/8,0,0,-0.71,-1.66,GHCND:USW00094846
2017/1/9,0.05,5,0.06,-0.71,GHCND:USW00094846
2017/1/10,0.51,0,1.06,-0.38,GHCND:USW00094846
2017/1/11,0.8400000000000001,0,0.61,-0.38,GHCND:USW00094846
2017/1/12,0.13,5,-0.21,-0.71,GHCND:USW00094846
2017/1/13,0,0,-0.27,-0.88,GHCND:USW00094846
2017/1/14,0,0,0.17,-0.6,GHCND:USW00094846
2017/1/15,0,0,0.22000000000000003,-0.66,GHCND:USW00094846
2017/1/16,2.29,0,0.27999999999999997,-0.1,GHCND:USW00094846
2017/1/17,1.22,0,0.39,0.17,GHCND:USW00094846
2017/1/18,0,0,0.22000000000000003,-0.1,GHCND:USW00094846
2017/1/19,1.17,0,0.5599999999999999,-0.1,GHCND:USW00094846
2017/1/20,0.45999999999999996,0,0.61,0.33,GHCND:USW00094846
2017/1/21,0,0,1.5,0.44000000000000006,GHCND:USW00094846
2017/1/22,0.03,0,0.78,0.33,GHCND:USW00094846
2017/1/23,0,0,0.5599999999999999,0.22000000000000003,GHCND:USW00094846
2017/1/24,0,0,0.33,0.11000000000000001,GHCND:USW00094846
2017/1/25,0.22999999999999998,0,0.5599999999999999,0.11000000000000001,GHCND:USW00094846
2017/1/26,0,0,0.11000000000000001,-0.1,GHCND:USW00094846
2017/1/27,0,0,-0.05,-0.43,GHCND:USW00094846
2017/1/28,0,0,-0.16,-0.43,GHCND:USW00094846
2017/1/29,0,3,-0.21,-0.6,GHCND:USW00094846
2017/1/30,0.03,3,0.27999999999999997,-0.93,GHCND:USW00094846
2017/1/31,0.08,0,0.39,0.17,GHCND:USW00094846
2017/2/1,0,0,0.33,-0.6,GHCND:USW00094846
2017/2/2,0,0,-0.43,-0.99,GHCND:USW00094846
2017/2/3,0,0,-0.21,-0.99,GHCND:USW00094846
2017/2/4,0,0,0.06,-1.21,GHCND:USW00094846
2017/2/5,0,0,0.33,-0.43,GHCND:USW00094846
2017/2/6,0,0,1.2800000000000002,-0.6,GHCND:USW00094846
2017/2/7,1.1900000000000002,0,1,0,GHCND:USW00094846
2017/2/8,0,0,0,-0.71,GHCND:USW00094846
2017/2/9,0,0,-0.38,-1.05,GHCND:USW00094846
2017/2/10,0,0,0.5,-0.77,GHCND:USW00094846
2017/2/11,0,0,0.9400000000000001,0.11000000000000001,GHCND:USW00094846
2017/2/12,0,0,0.8300000000000001,-0.05,GHCND:USW00094846
2017/2/13,0,0,0.67,-0.38,GHCND:USW00094846
2017/2/14,0,0,1,-0.05,GHCND:USW00094846
2017/2/15,0,0,0.17,-0.32,GHCND:USW00094846
2017/2/16,0,0,0.5,-0.1,GHCND:USW00094846
2017/2/17,0,0,1.94,-0.27,GHCND:USW00094846
2017/2/18,0,0,2.1100000000000003,0.44000000000000006,GHCND:USW00094846
2017/2/19,0,0,2.06,0.17,GHCND:USW00094846
2017/2/20,0,0,2.1100000000000003,0.5,GHCND:USW00094846
2017/2/21,0.1,0,1.89,0.9400000000000001,GHCND:USW00094846
2017/2/22,0,0,2,1,GHCND:USW00094846
2017/2/23,0.53,0,1.5,0.33,GHCND:USW00094846
2017/2/24,0.38,0,0.44000000000000006,0.06,GHCND:USW00094846
2017/2/25,0,0,0.06,-0.49,GHCND:USW00094846
2017/2/26,0,0,0.9400000000000001,-0.6,GHCND:USW00094846
2017/2/27,0,0,1.22,-0.27,GHCND:USW00094846
2017/2/28,1.6500000000000001,0,1.56,0.8300000000000001,GHCND:USW00094846
2017/3/1,0.30000000000000004,0,1.22,0,GHCND:USW00094846
2017/3/2,0,0,0.17,-0.27,GHCND:USW00094846
2017/3/3,0,0,0.06,-0.6,GHCND:USW00094846
2017/3/4,0.03,3,0.5599999999999999,-0.21,GHCND:USW00094846
2017/3/5,0,0,1.56,0,GHCND:USW00094846
2017/3/6,0,0,1.83,1.11,GHCND:USW00094846
2017/3/7,0.61,0,1.83,0.67,GHCND:USW00094846
2017/3/8,0,0,1.17,0.44000000000000006,GHCND:USW00094846
2017/3/9,0,0,0.5599999999999999,-0.16,GHCND:USW00094846
2017/3/10,0,0,0.22000000000000003,-0.49,GHCND:USW00094846
2017/3/11,0,0,0,-0.77,GHCND:USW00094846
2017/3/12,0.13,10,0.22000000000000003,-0.77,GHCND:USW00094846
2017/3/13,0.61,99,-0.05,-0.27,GHCND:USW00094846
2017/3/14,0.48,86,-0.21,-0.71,GHCND:USW00094846
2017/3/15,0,0,0.06,-0.88,GHCND:USW00094846
2017/3/16,0,0,0.5599999999999999,-0.77,GHCND:USW00094846
2017/3/17,0.08,0,1,0.22000000000000003,GHCND:USW00094846
2017/3/18,0,0,0.7200000000000001,0,GHCND:USW00094846
2017/3/19,0,0,1.17,-0.16,GHCND:USW00094846
2017/3/20,0.33,0,1.22,0.27999999999999997,GHCND:USW00094846
2017/3/21,0,0,1.22,0.06,GHCND:USW00094846
2017/3/22,0,0,0.27999999999999997,-0.21,GHCND:USW00094846
2017/3/23,0.05,0,1,-0.16,GHCND:USW00094846
2017/3/24,0,0,2.7800000000000002,0.5599999999999999,GHCND:USW00094846
2017/3/25,1.8,0,0.8300000000000001,0.5,GHCND:USW00094846
2017/3/26,0.76,0,1.67,0.8300000000000001,GHCND:USW00094846
2017/3/27,0,0,1.11,0.5599999999999999,GHCND:USW00094846
2017/3/28,0,0,1,0.22000000000000003,GHCND:USW00094846
2017/3/29,0.27999999999999997,0,0.9400000000000001,0.17,GHCND:USW00094846
2017/3/30,4.670000000000001,0,0.7200000000000001,0.39,GHCND:USW00094846
2017/3/31,0.05,0,0.67,0.22000000000000003,GHCND:USW00094846
2017/4/1,0,0,1.5,0.11000000000000001,GHCND:USW00094846
2017/4/2,0,0,1.6100000000000003,0.5599999999999999,GHCND:USW00094846
2017/4/3,0.48,0,1.22,0.78,GHCND:USW00094846
2017/4/4,0.05,0,1.33,0.61,GHCND:USW00094846
2017/4/5,2.64,0,0.8300000000000001,0.44000000000000006,GHCND:USW00094846
2017/4/6,0.7400000000000001,0,1.06,0.33,GHCND:USW00094846
2017/4/7,0,0,1.22,0.27999999999999997,GHCND:USW00094846
2017/4/8,0,0,2,0.27999999999999997,GHCND:USW00094846
2017/4/9,0,0,2.5,1.3900000000000001,GHCND:USW00094846
2017/4/10,0.81,0,2.5600000000000005,0.5,GHCND:USW00094846
2017/4/11,0,0,1.22,0.5,GHCND:USW00094846
2017/4/12,0,0,1.5,0.33,GHCND:USW00094846
2017/4/13,0.48,0,1.56,0.67,GHCND:USW00094846
2017/4/14,0.15000000000000002,0,1.89,0.8300000000000001,GHCND:USW00094846
2017/4/15,0.22999999999999998,0,2.7800000000000002,1.6100000000000003,GHCND:USW00094846
2017/4/16,1.5,0,2.2800000000000002,1.11,GHCND:USW00094846
2017/4/17,0,0,2.06,0.67,GHCND:USW00094846
2017/4/18,0,0,2.44,0.5,GHCND:USW00094846
2017/4/19,0.03,0,2.1100000000000003,0.7200000000000001,GHCND:USW00094846
2017/4/20,0,0,2.2800000000000002,0.8900000000000001,GHCND:USW00094846
2017/4/21,0,0,1.17,0.67,GHCND:USW00094846
2017/4/22,0,0,1.56,0.33,GHCND:USW00094846
2017/4/23,0,0,2.22,0.27999999999999997,GHCND:USW00094846
2017/4/24,0,0,2.2800000000000002,0.44000000000000006,GHCND:USW00094846
2017/4/25,0,0,2.6100000000000003,1.11,GHCND:USW00094846
2017/4/26,0.5599999999999999,0,2.33,1.56,GHCND:USW00094846
2017/4/27,0.36000000000000004,0,1.67,0.5,GHCND:USW00094846
2017/4/28,0,0,1.56,0.44000000000000006,GHCND:USW00094846
2017/4/29,4.95,0,0.78,0.44000000000000006,GHCND:USW00094846
2017/4/30,3.35,0,0.8300000000000001,0.5599999999999999,GHCND:USW00094846
2017/5/1,0.22999999999999998,0,1.3900000000000001,0.7200000000000001,GHCND:USW00094846
2017/5/2,0.03,0,1.06,0.5,GHCND:USW00094846
2017/5/3,0,0,1.33,0.17,GHCND:USW00094846
2017/5/4,0,0,1.22,0.61,GHCND:USW00094846
2017/5/5,0,0,1.6100000000000003,0.5,GHCND:USW00094846
2017/5/6,0.27999999999999997,0,1.4400000000000002,0.67,GHCND:USW00094846
2017/5/7,0,0,1.5,0.22000000000000003,GHCND:USW00094846
2017/5/8,0.05,0,1.3900000000000001,0.11000000000000001,GHCND:USW00094846
2017/5/9,0.33,0,1.6100000000000003,0.5599999999999999,GHCND:USW00094846
2017/5/10,2.2100000000000004,0,1.94,0.67,GHCND:USW00094846
2017/5/11,0,0,1.83,0.9400000000000001,GHCND:USW00094846
2017/5/12,0,0,2.2800000000000002,0.7200000000000001,GHCND:USW00094846
2017/5/13,0,0,2.7800000000000002,0.8300000000000001,GHCND:USW00094846
2017/5/14,0,0,2.17,1.06,GHCND:USW00094846
2017/5/15,0.05,0,2.7800000000000002,1,GHCND:USW00094846
2017/5/16,0,0,3.0600000000000005,1.6100000000000003,GHCND:USW00094846
2017/5/17,0.9400000000000001,0,2.89,1.67,GHCND:USW00094846
2017/5/18,0,0,2.5600000000000005,0.8900000000000001,GHCND:USW00094846
2017/5/19,0.58,0,1,0.61,GHCND:USW00094846
2017/5/20,0.86,0,1.7800000000000002,0.8900000000000001,GHCND:USW00094846
2017/5/21,0.13,0,1.83,1.06,GHCND:USW00094846
2017/5/22,0.03,0,2.2800000000000002,0.8900000000000001,GHCND:USW00094846
2017/5/23,0.8400000000000001,0,1.67,1.2800000000000002,GHCND:USW00094846
2017/5/24,0.43,0,1.67,1.17,GHCND:USW00094846
2017/5/25,0,0,2.06,1.11,GHCND:USW00094846
2017/5/26,1.35,0,2.17,1.11,GHCND:USW00094846
2017/5/27,0,0,2.5600000000000005,1.11,GHCND:USW00094846
2017/5/28,0,0,2.5,1.33,GHCND:USW00094846
2017/5/29,0,0,2.5,1.2800000000000002,GHCND:USW00094846
2017/5/30,0,0,2.33,1.22,GHCND:USW00094846
2017/5/31,0,0,2.33,1.11,GHCND:USW00094846
2017/6/1,0,0,2.72,1.06,GHCND:USW00094846
2017/6/2,0,0,3,1.17,GHCND:USW00094846
2017/6/3,0,0,2.89,1.3900000000000001,GHCND:USW00094846
2017/6/4,0,0,3.33,1.89,GHCND:USW00094846
2017/6/5,0,0,2.39,1.5,GHCND:USW00094846
2017/6/6,0,0,2.44,1.22,GHCND:USW00094846
2017/6/7,0,0,2.5,1.33,GHCND:USW00094846
2017/6/8,0.15000000000000002,0,2.83,1.17,GHCND:USW00094846
2017/6/9,0,0,3.0600000000000005,1.83,GHCND:USW00094846
2017/6/10,0,0,3.2200000000000006,1.7800000000000002,GHCND:USW00094846
2017/6/11,0,0,3.39,2.2800000000000002,GHCND:USW00094846
2017/6/12,0,0,3.5,2.2800000000000002,GHCND:USW00094846
2017/6/13,0,0,3.1100000000000003,2,GHCND:USW00094846
2017/6/14,1.5,0,3.33,2,GHCND:USW00094846
2017/6/15,0.18000000000000002,0,3.28,2,GHCND:USW00094846
2017/6/16,0.5599999999999999,0,3,1.94,GHCND:USW00094846
2017/6/17,1.07,0,3.0600000000000005,2.06,GHCND:USW00094846
2017/6/18,0,0,2.6100000000000003,2.06,GHCND:USW00094846
2017/6/19,0.08,0,2.67,1.67,GHCND:USW00094846
2017/6/20,0,0,2.67,1.4400000000000002,GHCND:USW00094846
2017/6/21,0,0,2.67,1.2800000000000002,GHCND:USW00094846
2017/6/22,0,0,3.1100000000000003,2,GHCND:USW00094846
2017/6/23,1.8,0,2.83,1.89,GHCND:USW00094846
2017/6/24,0.05,0,2.39,1.5,GHCND:USW00094846
2017/6/25,0,0,2.22,1.22,GHCND:USW00094846
2017/6/26,0,0,2.39,1.22,GHCND:USW00094846
2017/6/27,0,0,2.5600000000000005,1,GHCND:USW00094846
2017/6/28,3.3000000000000003,0,2.67,1.4400000000000002,GHCND:USW00094846
2017/6/29,0.05,0,2.72,1.89,GHCND:USW00094846
2017/6/30,0,0,2.89,1.7800000000000002,GHCND:USW00094846
2017/7/1,0,0,2.7800000000000002,1.89,GHCND:USW00094846
2017/7/2,0,0,3.17,1.67,GHCND:USW00094846
2017/7/3,0.1,0,2.67,1.89,GHCND:USW00094846
2017/7/4,0,0,2.83,1.7800000000000002,GHCND:USW00094846
2017/7/5,0,0,3.17,1.83,GHCND:USW00094846
2017/7/6,0,0,3.39,2.06,GHCND:USW00094846
2017/7/7,0,0,3.17,1.72,GHCND:USW00094846
2017/7/8,0,0,2.67,1.67,GHCND:USW00094846
2017/7/9,0,0,3,1.72,GHCND:USW00094846
2017/7/10,1.85,0,2.89,1.94,GHCND:USW00094846
2017/7/11,1.42,0,2.94,2.1100000000000003,GHCND:USW00094846
2017/7/12,4.5,0,2.72,2,GHCND:USW00094846
2017/7/13,0,0,2.83,2.22,GHCND:USW00094846
2017/7/14,0,0,2.2800000000000002,1.72,GHCND:USW00094846
2017/7/15,0,0,2.72,1.56,GHCND:USW00094846
2017/7/16,0,0,2.5600000000000005,1.56,GHCND:USW00094846
2017/7/17,0,0,2.6100000000000003,1.33,GHCND:USW00094846
2017/7/18,0,0,3.17,1.56,GHCND:USW00094846
2017/7/19,1.22,0,3.1100000000000003,2.1100000000000003,GHCND:USW00094846
2017/7/20,4.5,0,3.1100000000000003,2.06,GHCND:USW00094846
2017/7/21,3.63,0,3.17,2.22,GHCND:USW00094846
2017/7/22,1.6800000000000002,0,3.1100000000000003,2.22,GHCND:USW00094846
2017/7/23,0.53,0,3.2200000000000006,2.1100000000000003,GHCND:USW00094846
2017/7/24,0,0,2.33,1.89,GHCND:USW00094846
2017/7/25,0,0,2.7800000000000002,1.6100000000000003,GHCND:USW00094846
2017/7/26,0.08,0,2.94,1.83,GHCND:USW00094846
2017/7/27,0,0,2.7800000000000002,2.1100000000000003,GHCND:USW00094846
2017/7/28,0,0,2.6100000000000003,1.94,GHCND:USW00094846
2017/7/29,0,0,2.6100000000000003,1.7800000000000002,GHCND:USW00094846
2017/7/30,0,0,2.89,1.67,GHCND:USW00094846
2017/7/31,0,0,3,1.83,GHCND:USW00094846
2017/8/1,2.34,0,3,1.94,GHCND:USW00094846
2017/8/2,0,0,3.0600000000000005,1.89,GHCND:USW00094846
2017/8/3,2.2399999999999998,0,2.89,1.6100000000000003,GHCND:USW00094846
2017/8/4,0,0,2,1.33,GHCND:USW00094846
2017/8/5,0,0,2.67,1.56,GHCND:USW00094846
2017/8/6,0,0,2.5,1.72,GHCND:USW00094846
2017/8/7,0,0,2.44,1.6100000000000003,GHCND:USW00094846
2017/8/8,0,0,2.89,1.4400000000000002,GHCND:USW00094846
2017/8/9,0,0,2.83,1.6100000000000003,GHCND:USW00094846
2017/8/10,0.08,0,2.89,1.67,GHCND:USW00094846
2017/8/11,0,0,2.5600000000000005,1.83,GHCND:USW00094846
2017/8/12,0,0,2.5,1.56,GHCND:USW00094846
2017/8/13,0,0,2.67,1.3900000000000001,GHCND:USW00094846
2017/8/14,0,0,2.83,1.67,GHCND:USW00094846
2017/8/15,0,0,2.89,2,GHCND:USW00094846
2017/8/16,0.43,0,3.1100000000000003,1.94,GHCND:USW00094846
2017/8/17,0.05,0,2.7800000000000002,2.22,GHCND:USW00094846
2017/8/18,0,0,2.7800000000000002,1.94,GHCND:USW00094846
2017/8/19,0,0,3,1.72,GHCND:USW00094846
2017/8/20,0,0,3.2200000000000006,1.72,GHCND:USW00094846
2017/8/21,0.08,0,3.0600000000000005,2.17,GHCND:USW00094846
2017/8/22,0.05,0,2.7800000000000002,1.7800000000000002,GHCND:USW00094846
2017/8/23,0,0,2.6100000000000003,1.56,GHCND:USW00094846
2017/8/24,0,0,2.39,1.33,GHCND:USW00094846
2017/8/25,0,0,2.33,1.11,GHCND:USW00094846
2017/8/26,0,0,2.5600000000000005,1.33,GHCND:USW00094846
2017/8/27,0.03,0,2.5600000000000005,1.67,GHCND:USW00094846
2017/8/28,0.91,0,2.67,1.7800000000000002,GHCND:USW00094846
2017/8/29,0.18000000000000002,0,2.44,1.6100000000000003,GHCND:USW00094846
2017/8/30,0,0,2.7800000000000002,1.56,GHCND:USW00094846
2017/8/31,0,0,2.2800000000000002,1.7800000000000002,GHCND:USW00094846
2017/9/1,0,0,2.06,1,GHCND:USW00094846
2017/9/2,0.6400000000000001,0,2.39,1,GHCND:USW00094846
2017/9/3,0,0,2.89,1.3900000000000001,GHCND:USW00094846
2017/9/4,0,0,2.7800000000000002,1.67,GHCND:USW00094846
2017/9/5,0,0,2.1100000000000003,1.22,GHCND:USW00094846
2017/9/6,0,0,1.94,0.9400000000000001,GHCND:USW00094846
2017/9/7,0,0,2.17,1.11,GHCND:USW00094846
2017/9/8,0,0,2.06,1.4400000000000002,GHCND:USW00094846
2017/9/9,0,0,2.22,1.22,GHCND:USW00094846
2017/9/10,0,0,2.1100000000000003,1,GHCND:USW00094846
2017/9/11,0,0,2.39,1.11,GHCND:USW00094846
2017/9/12,0,0,2.5,1.22,GHCND:USW00094846
2017/9/13,0,0,2.5,1.4400000000000002,GHCND:USW00094846
2017/9/14,0,0,2.72,1.5,GHCND:USW00094846
2017/9/15,0,0,3.0600000000000005,1.67,GHCND:USW00094846
2017/9/16,0,0,3.1100000000000003,1.83,GHCND:USW00094846
2017/9/17,0,0,3,1.72,GHCND:USW00094846
2017/9/18,0,0,2.5,1.4400000000000002,GHCND:USW00094846
2017/9/19,0.18000000000000002,0,2.6100000000000003,1.7800000000000002,GHCND:USW00094846
2017/9/20,0,0,3.33,1.67,GHCND:USW00094846
2017/9/21,0,0,3.44,2.22,GHCND:USW00094846
2017/9/22,0,0,3.44,2.17,GHCND:USW00094846
2017/9/23,0,0,3.5,2.22,GHCND:USW00094846
2017/9/24,0,0,3.39,2.1100000000000003,GHCND:USW00094846
2017/9/25,0,0,3.33,1.94,GHCND:USW00094846
2017/9/26,0,0,3.33,2.1100000000000003,GHCND:USW00094846
2017/9/27,0,0,2.22,1.33,GHCND:USW00094846
2017/9/28,0,0,2.33,1.17,GHCND:USW00094846
2017/9/29,0,0,2.1100000000000003,1.33,GHCND:USW00094846
2017/9/30,0,0,2,1.17,GHCND:USW00094846
2017/10/1,0,0,2.22,0.8900000000000001,GHCND:USW00094846
2017/10/2,0,0,2.83,1.4400000000000002,GHCND:USW00094846
2017/10/3,0,0,2.5600000000000005,1.94,GHCND:USW00094846
2017/10/4,0.08,0,2.44,1.4400000000000002,GHCND:USW00094846
2017/10/5,0.03,0,2.5,1.22,GHCND:USW00094846
2017/10/6,0.76,0,2.06,1.56,GHCND:USW00094846
2017/10/7,1.09,0,2.6100000000000003,1.56,GHCND:USW00094846
2017/10/8,0,0,2.5600000000000005,1.22,GHCND:USW00094846
2017/10/9,0,0,2.72,1.11,GHCND:USW00094846
2017/10/10,1.9800000000000002,0,1.72,1.4400000000000002,GHCND:USW00094846
2017/10/11,2.0100000000000002,0,1.67,1.33,GHCND:USW00094846
2017/10/12,0,0,1.56,1.33,GHCND:USW00094846
2017/10/13,0,0,2.2800000000000002,1.2800000000000002,GHCND:USW00094846
2017/10/14,10.64,0,1.89,1.67,GHCND:USW00094846
2017/10/15,0.51,0,2,0.8300000000000001,GHCND:USW00094846
2017/10/16,0,0,1.72,0.61,GHCND:USW00094846
2017/10/17,0,0,2.1100000000000003,0.9400000000000001,GHCND:USW00094846
2017/10/18,0,0,2.17,0.8300000000000001,GHCND:USW00094846
2017/10/19,0,0,2.1100000000000003,1.06,GHCND:USW00094846
2017/10/20,0,0,2.5600000000000005,1.06,GHCND:USW00094846
2017/10/21,0,0,2.5,1.56,GHCND:USW00094846
2017/10/22,0.9400000000000001,0,2.1100000000000003,1.06,GHCND:USW00094846
2017/10/23,1.85,0,1.22,1,GHCND:USW00094846
2017/10/24,2.2100000000000004,0,1,0.5599999999999999,GHCND:USW00094846
2017/10/25,0,0,1.17,0.33,GHCND:USW00094846
2017/10/26,0,0,1.56,0.22000000000000003,GHCND:USW00094846
2017/10/27,0,0,1.11,0.33,GHCND:USW00094846
2017/10/28,0,0,0.44000000000000006,0.22000000000000003,GHCND:USW00094846
2017/10/29,0,0,0.78,0.06,GHCND:USW00094846
2017/10/30,0,0,1,0.27999999999999997,GHCND:USW00094846
2017/10/31,0,0,0.44000000000000006,0.11000000000000001,GHCND:USW00094846
2017/11/1,0.58,0,0.67,0.22000000000000003,GHCND:USW00094846
2017/11/2,0.05,0,1.06,0.67,GHCND:USW00094846
2017/11/3,0,0,0.8900000000000001,0.33,GHCND:USW00094846
2017/11/4,1.22,0,1,0.5599999999999999,GHCND:USW00094846
2017/11/5,0.05,0,1.11,0.5599999999999999,GHCND:USW00094846
2017/11/6,0,0,0.61,0,GHCND:USW00094846
2017/11/7,0,0,0.7200000000000001,0,GHCND:USW00094846
2017/11/8,0,0,0.78,-0.16,GHCND:USW00094846
2017/11/9,0,0,0.78,-0.6,GHCND:USW00094846
2017/11/10,0,3,-0.1,-0.77,GHCND:USW00094846
2017/11/11,0,0,0.33,-0.32,GHCND:USW00094846
2017/11/12,0.33,0,0.44000000000000006,0.22000000000000003,GHCND:USW00094846
2017/11/13,0,0,0.44000000000000006,-0.05,GHCND:USW00094846
2017/11/14,0,0,0.9400000000000001,-0.1,GHCND:USW00094846
2017/11/15,0.43,0,1.11,0.17,GHCND:USW00094846
2017/11/16,0,0,0.33,0.06,GHCND:USW00094846
2017/11/17,0.36000000000000004,0,0.8900000000000001,0.17,GHCND:USW00094846
2017/11/18,1.37,0,0.8900000000000001,0.17,GHCND:USW00094846
2017/11/19,0,0,0.27999999999999997,-0.1,GHCND:USW00094846
2017/11/20,0,0,1.11,-0.1,GHCND:USW00094846
2017/11/21,0.05,0,0.67,-0.27,GHCND:USW00094846
2017/11/22,0,0,0.17,-0.55,GHCND:USW00094846
2017/11/23,0,0,0.78,0,GHCND:USW00094846
2017/11/24,0,0,1.72,0,GHCND:USW00094846
2017/11/25,0,0,1.2800000000000002,0,GHCND:USW00094846
2017/11/26,0,0,0.9400000000000001,-0.27,GHCND:USW00094846
2017/11/27,0,0,1.3900000000000001,-0.05,GHCND:USW00094846
2017/11/28,0,0,1.6100000000000003,0.61,GHCND:USW00094846
2017/11/29,0,0,0.8300000000000001,0.11000000000000001,GHCND:USW00094846
2017/11/30,0,0,1.22,0.39,GHCND:USW00094846
2017/12/1,0,0,1.17,-0.21,GHCND:USW00094846
2017/12/2,0,0,1.22,0.06,GHCND:USW00094846
2017/12/3,0,0,1.4400000000000002,-0.16,GHCND:USW00094846
2017/12/4,0.41,0,1.83,0.67,GHCND:USW00094846
2017/12/5,0,0,0.67,-0.27,GHCND:USW00094846
2017/12/6,0,0,0.17,-0.32,GHCND:USW00094846
2017/12/7,0,0,-0.16,-0.71,GHCND:USW00094846
2017/12/8,0.03,0,0.27999999999999997,-0.77,GHCND:USW00094846
2017/12/9,0.08,15,0,-0.66,GHCND:USW00094846
2017/12/10,0,0,0.17,-0.66,GHCND:USW00094846
2017/12/11,0.2,36,0.39,-0.49,GHCND:USW00094846
2017/12/12,0,0,-0.05,-0.82,GHCND:USW00094846
2017/12/13,0,0,0.33,-0.55,GHCND:USW00094846
2017/12/14,0,0,-0.27,-0.88,GHCND:USW00094846
2017/12/15,0,0,0.27999999999999997,-0.6,GHCND:USW00094846
2017/12/16,0,0,0.78,-0.27,GHCND:USW00094846
2017/12/17,0,0,0.5599999999999999,-0.16,GHCND:USW00094846
2017/12/18,0.03,0,0.78,0.39,GHCND:USW00094846
2017/12/19,0,0,1,0.17,GHCND:USW00094846
2017/12/20,0,0,0.27999999999999997,-0.27,GHCND:USW00094846
2017/12/21,0,0,0.44000000000000006,0,GHCND:USW00094846
2017/12/22,0,0,0.39,0.06,GHCND:USW00094846
2017/12/23,0,0,0.06,-0.71,GHCND:USW00094846
2017/12/24,0.45999999999999996,46,-0.55,-0.77,GHCND:USW00094846
2017/12/25,0.03,3,-0.6,-1.66,GHCND:USW00094846
2017/12/26,0,0,-1.49,-1.93,GHCND:USW00094846
2017/12/27,0,0,-1.38,-1.99,GHCND:USW00094846
2017/12/28,0.08,15,-0.93,-1.77,GHCND:USW00094846
2017/12/29,0.2,20,-0.93,-1.27,GHCND:USW00094846
2017/12/30,0,0,-0.93,-1.82,GHCND:USW00094846
2017/12/31,0,0,-1.05,-1.82,GHCND:USW00094846
2018/1/1,0,0,-1.71,-2.27,GHCND:USW00094846
2018/1/2,0,0,-1.32,-2.27,GHCND:USW00094846
2018/1/3,0,3,-0.82,-1.43,GHCND:USW00094846
2018/1/4,0,0,-1.1,-1.77,GHCND:USW00094846
2018/1/5,0,0,-1.16,-1.82,GHCND:USW00094846
2018/1/6,0,0,-0.82,-1.88,GHCND:USW00094846
2018/1/7,0.08,0,0.06,-1.32,GHCND:USW00094846
2018/1/8,0,0,0.27999999999999997,-0.05,GHCND:USW00094846
2018/1/9,0,0,0.22000000000000003,-0.32,GHCND:USW00094846
2018/1/10,0.03,0,1.33,-0.1,GHCND:USW00094846
2018/1/11,0.91,0,1.5,-0.49,GHCND:USW00094846
2018/1/12,0,0,-0.49,-0.99,GHCND:USW00094846
2018/1/13,0,0,-0.88,-1.43,GHCND:USW00094846
2018/1/14,0.2,20,-0.6,-1.49,GHCND:USW00094846
2018/1/15,0.36000000000000004,58,-0.43,-1.21,GHCND:USW00094846
2018/1/16,0.03,15,-0.32,-1.27,GHCND:USW00094846
2018/1/17,0,0,-0.66,-1.55,GHCND:USW00094846
2018/1/18,0,0,0,-0.88,GHCND:USW00094846
2018/1/19,0,0,0.44000000000000006,-0.21,GHCND:USW00094846
2018/1/20,0,0,0.7200000000000001,0,GHCND:USW00094846
2018/1/21,0,0,0.67,0.22000000000000003,GHCND:USW00094846
2018/1/22,2.06,0,1.22,0.33,GHCND:USW00094846
2018/1/23,0.18000000000000002,13,0.39,-0.21,GHCND:USW00094846
2018/1/24,0.05,8,-0.1,-0.27,GHCND:USW00094846
2018/1/25,0,0,0.61,-0.43,GHCND:USW00094846
2018/1/26,0,0,1.06,0.06,GHCND:USW00094846
2018/1/27,0,0,1,0.22000000000000003,GHCND:USW00094846
2018/1/28,0.03,0,0.44000000000000006,-0.21,GHCND:USW00094846
2018/1/29,0,0,-0.1,-0.82,GHCND:USW00094846
2018/1/30,0,0,-0.05,-0.93,GHCND:USW00094846
2018/1/31,0,0,0.5599999999999999,-0.05,GHCND:USW00094846
2018/2/1,0,0,0.17,-1.32,GHCND:USW00094846
2018/2/2,0,0,-0.55,-1.49,GHCND:USW00094846
2018/2/3,0.08,20,0.5,-0.55,GHCND:USW00094846
2018/2/4,0.2,28,0.17,-1.55,GHCND:USW00094846
2018/2/5,0.5599999999999999,56,-1.1,-1.93,GHCND:USW00094846
2018/2/6,0.05,5,-0.6,-1.6,GHCND:USW00094846
2018/2/7,0.27999999999999997,43,-0.66,-1.32,GHCND:USW00094846
2018/2/8,0.38,41,-0.6,-1.38,GHCND:USW00094846
2018/2/9,1.4500000000000002,157,-0.21,-0.77,GHCND:USW00094846
2018/2/10,0.13,20,-0.55,-0.99,GHCND:USW00094846
2018/2/11,0.9900000000000001,94,-0.55,-1.16,GHCND:USW00094846
2018/2/12,0,0,-0.27,-1.55,GHCND:USW00094846
2018/2/13,0,0,0.17,-1.38,GHCND:USW00094846
2018/2/14,0,0,0.67,-0.43,GHCND:USW00094846
2018/2/15,0,0,0.8900000000000001,0.33,GHCND:USW00094846
2018/2/16,0,0,0.27999999999999997,-0.66,GHCND:USW00094846
2018/2/17,0.27999999999999997,51,0.17,-0.82,GHCND:USW00094846
2018/2/18,0.05,0,0.5,-1.1,GHCND:USW00094846
2018/2/19,1.32,0,1.56,0.27999999999999997,GHCND:USW00094846
2018/2/20,5.33,0,1.89,0.11000000000000001,GHCND:USW00094846
2018/2/21,0.1,0,0.11000000000000001,-0.27,GHCND:USW00094846
2018/2/22,0,0,0.44000000000000006,-0.16,GHCND:USW00094846
2018/2/23,0.15000000000000002,0,0.67,0.06,GHCND:USW00094846
2018/2/24,0.41,0,1,0.06,GHCND:USW00094846
2018/2/25,0.03,0,1,0.11000000000000001,GHCND:USW00094846
2018/2/26,0,0,1.17,-0.21,GHCND:USW00094846
2018/2/27,0,0,1.67,0.39,GHCND:USW00094846
2018/2/28,0,0,1.5,0.27999999999999997,GHCND:USW00094846
2018/3/1,2.06,0,0.78,0.11000000000000001,GHCND:USW00094846
2018/3/2,0,0,0.8900000000000001,-0.1,GHCND:USW00094846
2018/3/3,0,0,0.61,0.06,GHCND:USW00094846
2018/3/4,0,0,0.78,0,GHCND:USW00094846
2018/3/5,0.27999999999999997,10,0.44000000000000006,0.06,GHCND:USW00094846
2018/3/6,0.18000000000000002,0,0.5,-0.05,GHCND:USW00094846
2018/3/7,0,0,0.11000000000000001,-0.38,GHCND:USW00094846
2018/3/8,0,0,0.11000000000000001,-0.43,GHCND:USW00094846
2018/3/9,0,0,0.5,-0.49,GHCND:USW00094846
2018/3/10,0,0,0.5,-0.49,GHCND:USW00094846
2018/3/11,0,0,0.44000000000000006,-0.21,GHCND:USW00094846
2018/3/12,0,0,0.78,-0.1,GHCND:USW00094846
2018/3/13,0.5599999999999999,56,0.17,-0.71,GHCND:USW00094846
2018/3/14,0,0,0.8900000000000001,-0.55,GHCND:USW00094846
2018/3/15,0,0,1,-0.21,GHCND:USW00094846
2018/3/16,0,0,0.33,-0.16,GHCND:USW00094846
2018/3/17,0,0,0.78,-0.1,GHCND:USW00094846
2018/3/18,0,0,1.3900000000000001,-0.27,GHCND:USW00094846
2018/3/19,0,0,0.78,0.06,GHCND:USW00094846
2018/3/20,0,0,0.27999999999999997,-0.16,GHCND:USW00094846
2018/3/21,0,0,0.44000000000000006,-0.38,GHCND:USW00094846
2018/3/22,0,0,1,-0.55,GHCND:USW00094846
2018/3/23,0,0,0.61,-0.38,GHCND:USW00094846
2018/3/24,0,0,0.44000000000000006,0,GHCND:USW00094846
2018/3/25,0,0,0.5,-0.27,GHCND:USW00094846
2018/3/26,0.58,0,1.17,-0.05,GHCND:USW00094846
2018/3/27,0.38,0,1.06,0.39,GHCND:USW00094846
2018/3/28,0.03,0,1.22,0.39,GHCND:USW00094846
2018/3/29,0.13,0,1,0.17,GHCND:USW00094846
2018/3/30,0,0,0.9400000000000001,0.06,GHCND:USW00094846
2018/3/31,0.22999999999999998,0,1.4400000000000002,0,GHCND:USW00094846
2018/4/1,0,0,0.17,-0.43,GHCND:USW00094846
2018/4/2,0,0,0.67,-0.6,GHCND:USW00094846
2018/4/3,0.51,0,0.44000000000000006,0.11000000000000001,GHCND:USW00094846
2018/4/4,0.03,5,0.17,-0.32,GHCND:USW00094846
2018/4/5,0.18000000000000002,0,0.5599999999999999,-0.49,GHCND:USW00094846
2018/4/6,0,0,0.33,-0.38,GHCND:USW00094846
2018/4/7,0,0,0.39,-0.66,GHCND:USW00094846
2018/4/8,0.03,0,0.39,-0.6,GHCND:USW00094846
2018/4/9,0.33,51,0.39,-0.1,GHCND:USW00094846
2018/4/10,0,0,0.78,-0.21,GHCND:USW00094846
2018/4/11,0.13,0,1.89,0.39,GHCND:USW00094846
2018/4/12,0.08,0,2.2800000000000002,0.5599999999999999,GHCND:USW00094846
2018/4/13,0.18000000000000002,0,0.8300000000000001,0.39,GHCND:USW00094846
2018/4/14,2.44,0,0.39,0.22000000000000003,GHCND:USW00094846
2018/4/15,1.8800000000000001,5,0.27999999999999997,-0.21,GHCND:USW00094846
2018/4/16,0.03,8,0.17,-0.27,GHCND:USW00094846
2018/4/17,0,0,0.61,-0.16,GHCND:USW00094846
2018/4/18,1.04,10,0.27999999999999997,-0.1,GHCND:USW00094846
2018/4/19,0.03,3,1.2800000000000002,-0.05,GHCND:USW00094846
2018/4/20,0,0,1.6100000000000003,-0.05,GHCND:USW00094846
2018/4/21,0,0,1.2800000000000002,0.39,GHCND:USW00094846
2018/4/22,0,0,1.67,0.5599999999999999,GHCND:USW00094846
2018/4/23,0,0,1.72,0.61,GHCND:USW00094846
2018/4/24,0,0,1.83,0.8900000000000001,GHCND:USW00094846
2018/4/25,0,0,1.17,0.33,GHCND:USW00094846
2018/4/26,0,0,1.89,0.22000000000000003,GHCND:USW00094846
2018/4/27,0.05,0,1.4400000000000002,0.39,GHCND:USW00094846
2018/4/28,0,0,1,0.06,GHCND:USW00094846
2018/4/29,0,0,1.5,-0.05,GHCND:USW00094846
2018/4/30,0,0,2.67,0.44000000000000006,GHCND:USW00094846
2018/5/1,0,0,3,1.56,GHCND:USW00094846
2018/5/2,3.35,0,3,1.72,GHCND:USW00094846
2018/5/3,1.4500000000000002,0,2.1100000000000003,1.22,GHCND:USW00094846
2018/5/4,0,0,2.33,1.6100000000000003,GHCND:USW00094846
2018/5/5,0,0,2.7800000000000002,1.3900000000000001,GHCND:USW00094846
2018/5/6,0,0,2,1,GHCND:USW00094846
2018/5/7,0,0,2.39,0.78,GHCND:USW00094846
2018/5/8,0,0,2.72,1.3900000000000001,GHCND:USW00094846
2018/5/9,0.6400000000000001,0,2.72,1.3900000000000001,GHCND:USW00094846
2018/5/10,0,0,2.2800000000000002,1,GHCND:USW00094846
2018/5/11,0.1,0,1.11,0.7200000000000001,GHCND:USW00094846
2018/5/12,0.8400000000000001,0,1,0.67,GHCND:USW00094846
2018/5/13,2.31,0,1.94,0.7200000000000001,GHCND:USW00094846
2018/5/14,3.91,0,2.83,1.17,GHCND:USW00094846
2018/5/15,0,0,2.17,1.06,GHCND:USW00094846
2018/5/16,0,0,2.6100000000000003,0.8300000000000001,GHCND:USW00094846
2018/5/17,0,0,2.06,1.11,GHCND:USW00094846
2018/5/18,0.25,0,1.83,1.11,GHCND:USW00094846
2018/5/19,0.05,0,2.06,1.22,GHCND:USW00094846
2018/5/20,0.6900000000000001,0,1.2800000000000002,0.67,GHCND:USW00094846
2018/5/21,4.98,0,1.7800000000000002,0.9400000000000001,GHCND:USW00094846
2018/5/22,0,0,1.94,1.22,GHCND:USW00094846
2018/5/23,0,0,2.67,1.11,GHCND:USW00094846
2018/5/24,0,0,3.0600000000000005,1.4400000000000002,GHCND:USW00094846
2018/5/25,0,0,3.17,1.94,GHCND:USW00094846
2018/5/26,0,0,3.2200000000000006,2.1100000000000003,GHCND:USW00094846
2018/5/27,0,0,3.6100000000000003,2.1100000000000003,GHCND:USW00094846
2018/5/28,0,0,3.5,2.1100000000000003,GHCND:USW00094846
2018/5/29,0,0,3.0600000000000005,1.89,GHCND:USW00094846
2018/5/30,2.29,0,3,1.94,GHCND:USW00094846
2018/5/31,0,0,3.17,2.06,GHCND:USW00094846
2018/6/1,0,0,2.44,1.17,GHCND:USW00094846
2018/6/2,0.79,0,2.1100000000000003,1.11,GHCND:USW00094846
2018/6/3,0,0,2.5600000000000005,1.56,GHCND:USW00094846
2018/6/4,0,0,2.67,1.2800000000000002,GHCND:USW00094846
2018/6/5,0.03,0,2.22,1.22,GHCND:USW00094846
2018/6/6,0.25,0,2.6100000000000003,0.8900000000000001,GHCND:USW00094846
2018/6/7,0,0,2.72,1.56,GHCND:USW00094846
2018/6/8,0,0,2.2800000000000002,1.5,GHCND:USW00094846
2018/6/9,3.33,0,2.7800000000000002,1.3900000000000001,GHCND:USW00094846
2018/6/10,3.4000000000000004,0,2.17,1.56,GHCND:USW00094846
2018/6/11,0.25,0,2.1100000000000003,1.6100000000000003,GHCND:USW00094846
2018/6/12,0,0,2.67,1.67,GHCND:USW00094846
2018/6/13,0,0,2.72,1.7800000000000002,GHCND:USW00094846
2018/6/14,0,0,2.72,1.7800000000000002,GHCND:USW00094846
2018/6/15,0,0,3.17,1.7800000000000002,GHCND:USW00094846
2018/6/16,1.6500000000000001,0,3.33,2.06,GHCND:USW00094846
2018/6/17,0,0,3.39,2.5600000000000005,GHCND:USW00094846
2018/6/18,0.91,0,3.5,1.89,GHCND:USW00094846
2018/6/19,0.05,0,2.72,1.72,GHCND:USW00094846
2018/6/20,0,0,2.5,1.83,GHCND:USW00094846
2018/6/21,3.58,0,1.94,1.67,GHCND:USW00094846
2018/6/22,3.12,0,1.7800000000000002,1.5,GHCND:USW00094846
2018/6/23,0,0,2.72,1.67,GHCND:USW00094846
2018/6/24,0,0,2.67,1.7800000000000002,GHCND:USW00094846
2018/6/25,0,0,2.5600000000000005,1.6100000000000003,GHCND:USW00094846
2018/6/26,1.9300000000000002,0,2.89,1.89,GHCND:USW00094846
2018/6/27,0.08,0,2.67,2.06,GHCND:USW00094846
2018/6/28,0,0,3.1100000000000003,2,GHCND:USW00094846
2018/6/29,0,0,3.5600000000000005,2.2800000000000002,GHCND:USW00094846
2018/6/30,0,0,3.44,2.67,GHCND:USW00094846
2018/7/1,0.61,0,3.44,2.44,GHCND:USW00094846
2018/7/2,0,0,2.94,2.06,GHCND:USW00094846
2018/7/3,0,0,3.17,1.72,GHCND:USW00094846
2018/7/4,0.03,0,3.39,2.44,GHCND:USW00094846
2018/7/5,0.05,0,3.33,2.33,GHCND:USW00094846
2018/7/6,0,0,2.39,1.7800000000000002,GHCND:USW00094846
2018/7/7,0,0,2.7800000000000002,1.5,GHCND:USW00094846
2018/7/8,0,0,3.1100000000000003,1.72,GHCND:USW00094846
2018/7/9,0,0,3.28,1.94,GHCND:USW00094846
2018/7/10,0,0,3.0600000000000005,2.17,GHCND:USW00094846
2018/7/11,0,0,3.0600000000000005,1.94,GHCND:USW00094846
2018/7/12,0,0,3.0600000000000005,2.1100000000000003,GHCND:USW00094846
2018/7/13,0,0,3.5,2.22,GHCND:USW00094846
2018/7/14,0.66,0,2.7800000000000002,2.22,GHCND:USW00094846
2018/7/15,0,0,3.28,2.22,GHCND:USW00094846
2018/7/16,0.2,0,3.39,2.22,GHCND:USW00094846
2018/7/17,0,0,2.72,2,GHCND:USW00094846
2018/7/18,0,0,2.67,1.72,GHCND:USW00094846
2018/7/19,0.08,0,3.0600000000000005,1.94,GHCND:USW00094846
2018/7/20,0.38,0,2.5600000000000005,2.1100000000000003,GHCND:USW00094846
2018/7/21,0.30000000000000004,0,2.6100000000000003,2.06,GHCND:USW00094846
2018/7/22,0.33,0,2.44,1.94,GHCND:USW00094846
2018/7/23,0,0,2.7800000000000002,1.83,GHCND:USW00094846
2018/7/24,0,0,3.1100000000000003,1.89,GHCND:USW00094846
2018/7/25,0,0,3.2200000000000006,1.94,GHCND:USW00094846
2018/7/26,0.08,0,2.72,1.89,GHCND:USW00094846
2018/7/27,0,0,2.6100000000000003,1.67,GHCND:USW00094846
2018/7/28,0,0,2.7800000000000002,1.6100000000000003,GHCND:USW00094846
2018/7/29,0.18000000000000002,0,2.83,1.67,GHCND:USW00094846
2018/7/30,0,0,2.7800000000000002,1.67,GHCND:USW00094846
2018/7/31,0,0,2.67,1.89,GHCND:USW00094846
2018/8/1,0,0,2.94,1.72,GHCND:USW00094846
2018/8/2,0,0,2.94,2.1100000000000003,GHCND:USW00094846
2018/8/3,0,0,3.17,1.94,GHCND:USW00094846
2018/8/4,0,0,3.6100000000000003,2.17,GHCND:USW00094846
2018/8/5,0,0,3.44,2.39,GHCND:USW00094846
2018/8/6,0.86,0,2.72,2.06,GHCND:USW00094846
2018/8/7,5.99,0,2.83,2.06,GHCND:USW00094846
2018/8/8,0,0,2.94,2.06,GHCND:USW00094846
2018/8/9,1.09,0,3.17,2.06,GHCND:USW00094846
2018/8/10,0,0,2.83,2.1100000000000003,GHCND:USW00094846
2018/8/11,0,0,3.1100000000000003,2,GHCND:USW00094846
2018/8/12,0,0,3.0600000000000005,2.1100000000000003,GHCND:USW00094846
2018/8/13,0,0,3.17,1.89,GHCND:USW00094846
2018/8/14,0,0,3.0600000000000005,2.17,GHCND:USW00094846
2018/8/15,0.03,0,2.94,2.2800000000000002,GHCND:USW00094846
2018/8/16,1.27,0,3,2.06,GHCND:USW00094846
2018/8/17,0.27999999999999997,0,2.94,2,GHCND:USW00094846
2018/8/18,0,0,2.67,2.1100000000000003,GHCND:USW00094846
2018/8/19,0,0,3,2,GHCND:USW00094846
2018/8/20,2.08,0,2.6100000000000003,2.06,GHCND:USW00094846
2018/8/21,0.33,0,2.5600000000000005,1.89,GHCND:USW00094846
2018/8/22,0,0,2.6100000000000003,1.4400000000000002,GHCND:USW00094846
2018/8/23,0,0,2.67,1.56,GHCND:USW00094846
2018/8/24,0.1,0,2.22,1.72,GHCND:USW00094846
2018/8/25,0.15000000000000002,0,3,1.89,GHCND:USW00094846
2018/8/26,0,0,3.39,2.22,GHCND:USW00094846
2018/8/27,0,0,3.39,2.5600000000000005,GHCND:USW00094846
2018/8/28,3.53,0,3.28,1.94,GHCND:USW00094846
2018/8/29,1.07,0,2.44,1.83,GHCND:USW00094846
2018/8/30,0,0,2.2800000000000002,1.6100000000000003,GHCND:USW00094846
2018/8/31,0,0,2.94,1.56,GHCND:USW00094846
2018/9/1,0.41,0,3,2.22,GHCND:USW00094846
2018/9/2,0.05,0,3.28,2.1100000000000003,GHCND:USW00094846
2018/9/3,4.55,0,3.1100000000000003,2.1100000000000003,GHCND:USW00094846
2018/9/4,0,0,3.33,2.17,GHCND:USW00094846
2018/9/5,0.61,0,3.28,2.06,GHCND:USW00094846
2018/9/6,1.35,0,2.06,1.7800000000000002,GHCND:USW00094846
2018/9/7,0.76,0,2.06,1.72,GHCND:USW00094846
2018/9/8,0,0,2.06,1.72,GHCND:USW00094846
2018/9/9,0,0,2,1.56,GHCND:USW00094846
2018/9/10,0,0,2.33,1.33,GHCND:USW00094846
2018/9/11,0,0,2.6100000000000003,1.3900000000000001,GHCND:USW00094846
2018/9/12,0,0,2.7800000000000002,1.6100000000000003,GHCND:USW00094846
2018/9/13,0,0,2.5600000000000005,1.56,GHCND:USW00094846
2018/9/14,0,0,3.0600000000000005,1.7800000000000002,GHCND:USW00094846
2018/9/15,0,0,2.7800000000000002,1.7800000000000002,GHCND:USW00094846
2018/9/16,0,0,3.17,1.89,GHCND:USW00094846
2018/9/17,0,0,3.28,2.06,GHCND:USW00094846
2018/9/18,0,0,2.39,1.89,GHCND:USW00094846
2018/9/19,0.53,0,2.44,1.89,GHCND:USW00094846
2018/9/20,0,0,3.39,1.89,GHCND:USW00094846
2018/9/21,0,0,2.83,1.33,GHCND:USW00094846
2018/9/22,0,0,1.7800000000000002,1.06,GHCND:USW00094846
2018/9/23,0,0,2.17,1,GHCND:USW00094846
2018/9/24,0,0,2.33,1.3900000000000001,GHCND:USW00094846
2018/9/25,0.6400000000000001,0,2.89,1.6100000000000003,GHCND:USW00094846
2018/9/26,0,0,1.94,1,GHCND:USW00094846
2018/9/27,0,0,2.1100000000000003,0.8900000000000001,GHCND:USW00094846
2018/9/28,0.18000000000000002,0,1.56,0.78,GHCND:USW00094846
2018/9/29,0.05,0,1.6100000000000003,0.5599999999999999,GHCND:USW00094846
2018/9/30,0.15000000000000002,0,1.67,1.17,GHCND:USW00094846
2018/10/1,3.9600000000000004,0,2.22,1.3900000000000001,GHCND:USW00094846
2018/10/2,0.03,0,1.94,1.4400000000000002,GHCND:USW00094846
2018/10/3,0,0,3.1100000000000003,1.5,GHCND:USW00094846
2018/10/4,0.1,0,2.5,1.11,GHCND:USW00094846
2018/10/5,3.1500000000000004,0,1.83,1.22,GHCND:USW00094846
2018/10/6,0.30000000000000004,0,2.1100000000000003,1.3900000000000001,GHCND:USW00094846
2018/10/7,1.32,0,1.72,1.3900000000000001,GHCND:USW00094846
2018/10/8,0.38,0,2.94,1.72,GHCND:USW00094846
2018/10/9,0.03,0,2.94,2.1100000000000003,GHCND:USW00094846
2018/10/10,0.8900000000000001,0,2.39,1.06,GHCND:USW00094846
2018/10/11,0,0,1.06,0.44000000000000006,GHCND:USW00094846
2018/10/12,0,0,0.5599999999999999,0.22000000000000003,GHCND:USW00094846
2018/10/13,0,0,1.17,0,GHCND:USW00094846
2018/10/14,0.18000000000000002,0,1.22,0.33,GHCND:USW00094846
2018/10/15,0.25,0,0.8900000000000001,0.27999999999999997,GHCND:USW00094846
2018/10/16,0,0,1.5,0.11000000000000001,GHCND:USW00094846
2018/10/17,0,0,1.06,0.33,GHCND:USW00094846
2018/10/18,0,0,1.4400000000000002,0.11000000000000001,GHCND:USW00094846
2018/10/19,0.08,0,1.22,0.78,GHCND:USW00094846
2018/10/20,0,0,1.06,-0.05,GHCND:USW00094846
2018/10/21,0,0,1.06,-0.21,GHCND:USW00094846
2018/10/22,0,0,1.7800000000000002,0.33,GHCND:USW00094846
2018/10/23,0,0,1.22,0.33,GHCND:USW00094846
2018/10/24,0,0,1.11,0.27999999999999997,GHCND:USW00094846
2018/10/25,0,0,1.17,0.27999999999999997,GHCND:USW00094846
2018/10/26,0,0,1.17,0.78,GHCND:USW00094846
2018/10/27,0,0,1.22,0.61,GHCND:USW00094846
2018/10/28,0.30000000000000004,0,1.06,0.67,GHCND:USW00094846
2018/10/29,0,0,1.33,0.44000000000000006,GHCND:USW00094846
2018/10/30,0.76,0,1.7800000000000002,0.7200000000000001,GHCND:USW00094846
2018/10/31,0.43,0,1.6100000000000003,0.8300000000000001,GHCND:USW00094846
2018/11/1,0,0,1.11,0.61,GHCND:USW00094846
2018/11/2,0,0,1,0.27999999999999997,GHCND:USW00094846
2018/11/3,0.15000000000000002,0,1,0.11000000000000001,GHCND:USW00094846
2018/11/4,1.37,0,1.11,0.78,GHCND:USW00094846
2018/11/5,0.9400000000000001,0,1.06,0.67,GHCND:USW00094846
2018/11/6,0.15000000000000002,0,1,0.33,GHCND:USW00094846
2018/11/7,0,0,0.39,0.06,GHCND:USW00094846
2018/11/8,0,0,0.5,0.06,GHCND:USW00094846
2018/11/9,0.33,25,0.27999999999999997,-0.66,GHCND:USW00094846
2018/11/10,0,0,0.06,-0.66,GHCND:USW00094846
2018/11/11,0,0,0.5,-0.21,GHCND:USW00094846
2018/11/12,0,0,0.11000000000000001,-0.43,GHCND:USW00094846
2018/11/13,0,0,-0.16,-0.71,GHCND:USW00094846
2018/11/14,0,0,0.22000000000000003,-0.82,GHCND:USW00094846
2018/11/15,0.22999999999999998,28,0.17,-0.32,GHCND:USW00094846
2018/11/16,0,0,0.5,-0.16,GHCND:USW00094846
2018/11/17,0.33,38,0.17,0,GHCND:USW00094846
2018/11/18,0,0,0.33,-0.38,GHCND:USW00094846
2018/11/19,0,0,0.11000000000000001,-0.49,GHCND:USW00094846
2018/11/20,0,0,0.17,-0.16,GHCND:USW00094846
2018/11/21,0,0,0.22000000000000003,-0.1,GHCND:USW00094846
2018/11/22,0,0,0.44000000000000006,-0.05,GHCND:USW00094846
2018/11/23,0.1,0,1.06,0.11000000000000001,GHCND:USW00094846
2018/11/24,0.45999999999999996,0,0.8300000000000001,0.44000000000000006,GHCND:USW00094846
2018/11/25,3.0500000000000003,84,0.44000000000000006,0.06,GHCND:USW00094846
2018/11/26,0.9900000000000001,130,0.06,-0.43,GHCND:USW00094846
2018/11/27,0,0,-0.38,-0.71,GHCND:USW00094846
2018/11/28,0.13,18,-0.27,-0.82,GHCND:USW00094846
2018/11/29,0,0,0.33,-0.27,GHCND:USW00094846
2018/11/30,0,0,0.5599999999999999,-0.21,GHCND:USW00094846
2018/12/1,2.87,0,0.5599999999999999,0.22000000000000003,GHCND:USW00094846
2018/12/2,0.25,0,0.67,0.17,GHCND:USW00094846
2018/12/3,0.03,8,0.17,-0.16,GHCND:USW00094846
2018/12/4,0,0,0,-0.21,GHCND:USW00094846
2018/12/5,0,0,0.06,-0.38,GHCND:USW00094846
2018/12/6,0,0,0.06,-0.71,GHCND:USW00094846
2018/12/7,0,0,-0.38,-0.88,GHCND:USW00094846
2018/12/8,0,0,0,-0.66,GHCND:USW00094846
2018/12/9,0,0,0.17,-0.82,GHCND:USW00094846
2018/12/10,0,0,0.11000000000000001,-0.88,GHCND:USW00094846
2018/12/11,0,0,0.33,-0.38,GHCND:USW00094846
2018/12/12,0,0,0.5,-0.16,GHCND:USW00094846
2018/12/13,0.38,0,0.78,-0.43,GHCND:USW00094846
2018/12/14,0.33,0,0.44000000000000006,0,GHCND:USW00094846
2018/12/15,0,0,0.78,-0.32,GHCND:USW00094846
2018/12/16,0,0,0.9400000000000001,-0.38,GHCND:USW00094846
2018/12/17,0,0,0.5599999999999999,-0.21,GHCND:USW00094846
2018/12/18,0,0,0.5599999999999999,-0.38,GHCND:USW00094846
2018/12/19,0,0,0.9400000000000001,0.06,GHCND:USW00094846
2018/12/20,0.25,0,0.78,0.33,GHCND:USW00094846
2018/12/21,0.13,0,0.33,-0.16,GHCND:USW00094846
2018/12/22,0,0,0.11000000000000001,-0.21,GHCND:USW00094846
2018/12/23,0,0,0.33,-0.21,GHCND:USW00094846
2018/12/24,0,0,0.06,-0.49,GHCND:USW00094846
2018/12/25,0,0,0.7200000000000001,-0.21,GHCND:USW00094846
2018/12/26,0,0,0.8300000000000001,-0.32,GHCND:USW00094846
2018/12/27,1.6800000000000002,0,1.17,0.39,GHCND:USW00094846
2018/12/28,0.2,5,1.17,-0.1,GHCND:USW00094846
2018/12/29,0.13,23,-0.1,-0.55,GHCND:USW00094846
2018/12/30,0,0,0.22000000000000003,-0.71,GHCND:USW00094846
2018/12/31,2.18,0,0.39,-0.05,GHCND:USW00094846
2019/1/1,0.03,3,0.11000000000000001,-0.32,GHCND:USW00094846
2019/1/2,0.03,3,-0.1,-0.32,GHCND:USW00094846
2019/1/3,0,0,0.33,-0.43,GHCND:USW00094846
2019/1/4,0,0,0.8900000000000001,-0.05,GHCND:USW00094846
2019/1/5,0,0,1.11,0,GHCND:USW00094846
2019/1/6,0,0,0.44000000000000006,-0.1,GHCND:USW00094846
2019/1/7,1.1199999999999999,0,1.17,0.44000000000000006,GHCND:USW00094846
2019/1/8,0,0,0.7200000000000001,-0.43,GHCND:USW00094846
2019/1/9,0,0,-0.43,-0.93,GHCND:USW00094846
2019/1/10,0,0,-0.43,-0.99,GHCND:USW00094846
2019/1/11,0,0,-0.1,-0.82,GHCND:USW00094846
2019/1/12,0.30000000000000004,56,0,-0.16,GHCND:USW00094846
2019/1/13,0.03,8,-0.05,-0.38,GHCND:USW00094846
2019/1/14,0,0,-0.27,-0.49,GHCND:USW00094846
2019/1/15,0,0,0,-0.43,GHCND:USW00094846
2019/1/16,0,0,0.11000000000000001,-0.21,GHCND:USW00094846
2019/1/17,0,0,0.17,-0.21,GHCND:USW00094846
2019/1/18,0.30000000000000004,33,-0.05,-0.27,GHCND:USW00094846
2019/1/19,0.45999999999999996,94,-0.21,-1.16,GHCND:USW00094846
2019/1/20,0,0,-0.99,-1.55,GHCND:USW00094846
2019/1/21,0,3,-0.82,-1.6,GHCND:USW00094846
2019/1/22,0.45999999999999996,13,0.06,-1.05,GHCND:USW00094846
2019/1/23,0.5599999999999999,25,0.11000000000000001,-0.71,GHCND:USW00094846
2019/1/24,0,10,-0.55,-1.66,GHCND:USW00094846
2019/1/25,0.08,18,-1.49,-2.1,GHCND:USW00094846
2019/1/26,0.15000000000000002,43,-1.1,-2.16,GHCND:USW00094846
2019/1/27,0,0,-1.16,-2.05,GHCND:USW00094846
2019/1/28,1.35,127,0.11000000000000001,-1.32,GHCND:USW00094846
2019/1/29,0,8,-1.21,-2.32,GHCND:USW00094846
2019/1/30,0,0,-2.32,-3.05,GHCND:USW00094846
2019/1/31,0.13,20,-1.71,-2.93,GHCND:USW00094846
2019/2/1,0.05,23,-0.6,-1.71,GHCND:USW00094846
2019/2/2,0,0,0.5599999999999999,-0.99,GHCND:USW00094846
2019/2/3,0,0,0.8900000000000001,0.39,GHCND:USW00094846
2019/2/4,0.13,0,1.06,-0.1,GHCND:USW00094846
2019/2/5,0.79,0,0.06,-0.43,GHCND:USW00094846
2019/2/6,0.03,0,0.22000000000000003,0,GHCND:USW00094846
2019/2/7,1.8,0,0.67,-1.21,GHCND:USW00094846
2019/2/8,0,0,-1.05,-1.55,GHCND:USW00094846
2019/2/9,0,0,-0.43,-1.55,GHCND:USW00094846
2019/2/10,0.1,18,-0.21,-0.55,GHCND:USW00094846
2019/2/11,0.48,3,-0.05,-0.27,GHCND:USW00094846
2019/2/12,0.8900000000000001,38,0.11000000000000001,-0.71,GHCND:USW00094846
2019/2/13,0.03,15,-0.27,-1.21,GHCND:USW00094846
2019/2/14,0,0,1,-0.27,GHCND:USW00094846
2019/2/15,0,0,0,-1.32,GHCND:USW00094846
2019/2/16,0,0,-0.16,-1.05,GHCND:USW00094846
2019/2/17,0.51,79,-0.27,-0.43,GHCND:USW00094846
2019/2/18,0.15000000000000002,46,-0.05,-0.77,GHCND:USW00094846
2019/2/19,0,0,0.17,-1.1,GHCND:USW00094846
2019/2/20,0.22999999999999998,5,0.33,-0.21,GHCND:USW00094846
2019/2/21,0,0,0.17,-0.43,GHCND:USW00094846
2019/2/22,0,0,0.5,-0.71,GHCND:USW00094846
2019/2/23,1.9100000000000001,0,1.17,0.11000000000000001,GHCND:USW00094846
2019/2/24,0.05,0,1,-1.21,GHCND:USW00094846
2019/2/25,0,0,-0.71,-1.43,GHCND:USW00094846
2019/2/26,0,3,-0.49,-1.05,GHCND:USW00094846
2019/2/27,0,0,-0.1,-0.99,GHCND:USW00094846
2019/2/28,0,0,-0.27,-1.16,GHCND:USW00094846
2019/3/1,0,0,0.11000000000000001,-0.49,GHCND:USW00094846
2019/3/2,0,0,0.06,-0.38,GHCND:USW00094846
2019/3/3,0,0,-0.38,-1.6,GHCND:USW00094846
2019/3/4,0,0,-1.1,-1.93,GHCND:USW00094846
2019/3/5,0,5,-0.6,-1.32,GHCND:USW00094846
2019/3/6,0,0,-0.1,-1.27,GHCND:USW00094846
2019/3/7,0,0,-0.21,-0.99,GHCND:USW00094846
2019/3/8,0,3,0.39,-0.6,GHCND:USW00094846
2019/3/9,1.42,0,0.61,-0.32,GHCND:USW00094846
2019/3/10,0,0,0.33,-0.16,GHCND:USW00094846
2019/3/11,0,0,0.5,-0.27,GHCND:USW00094846
2019/3/12,0,0,0.9400000000000001,-0.43,GHCND:USW00094846
2019/3/13,1.37,0,1.4400000000000002,0.44000000000000006,GHCND:USW00094846
2019/3/14,1.02,0,1.67,0.39,GHCND:USW00094846
2019/3/15,0,0,0.44000000000000006,0,GHCND:USW00094846
2019/3/16,0,0,0.5,-0.21,GHCND:USW00094846
2019/3/17,0,0,0.61,-0.21,GHCND:USW00094846
2019/3/18,0,0,0.61,-0.27,GHCND:USW00094846
2019/3/19,0,0,0.9400000000000001,-0.1,GHCND:USW00094846
2019/3/20,0.36000000000000004,0,0.67,0.33,GHCND:USW00094846
2019/3/21,0,0,0.7200000000000001,0.22000000000000003,GHCND:USW00094846
2019/3/22,0,0,0.78,-0.16,GHCND:USW00094846
2019/3/23,0,0,1.17,-0.38,GHCND:USW00094846
2019/3/24,0.13,0,1,0.11000000000000001,GHCND:USW00094846
2019/3/25,0,0,0.5599999999999999,-0.32,GHCND:USW00094846
2019/3/26,0,0,0.8900000000000001,-0.49,GHCND:USW00094846
2019/3/27,0.03,0,1.5,-0.16,GHCND:USW00094846
2019/3/28,0,0,1.83,0.67,GHCND:USW00094846
2019/3/29,0.81,0,1.3900000000000001,0.27999999999999997,GHCND:USW00094846
2019/3/30,0.18000000000000002,0,0.7200000000000001,-0.16,GHCND:USW00094846
2019/3/31,0,0,0.44000000000000006,-0.49,GHCND:USW00094846
2019/4/1,0,0,0.9400000000000001,-0.32,GHCND:USW00094846
2019/4/2,0,0,1.2800000000000002,0.39,GHCND:USW00094846
2019/4/3,0,0,1.4400000000000002,0.27999999999999997,GHCND:USW00094846
2019/4/4,0.6400000000000001,0,0.8300000000000001,0.39,GHCND:USW00094846
2019/4/5,0,0,1.3900000000000001,0.39,GHCND:USW00094846
2019/4/6,0,0,1.89,0.39,GHCND:USW00094846
2019/4/7,0.9900000000000001,0,1.94,1.06,GHCND:USW00094846
2019/4/8,0,0,2.2800000000000002,1.11,GHCND:USW00094846
2019/4/9,0,0,1.89,0.39,GHCND:USW00094846
2019/4/10,0.33,0,0.39,0.11000000000000001,GHCND:USW00094846
2019/4/11,0.71,0,1.33,0.27999999999999997,GHCND:USW00094846
2019/4/12,0.18000000000000002,0,1.06,0.33,GHCND:USW00094846
2019/4/13,0,0,1.11,0.17,GHCND:USW00094846
2019/4/14,1.75,137,0.39,0,GHCND:USW00094846
2019/4/15,0,0,1.11,-0.05,GHCND:USW00094846
2019/4/16,0,0,2.2800000000000002,0.7200000000000001,GHCND:USW00094846
2019/4/17,0,0,2.5,0.67,GHCND:USW00094846
2019/4/18,0.79,0,1.83,0.67,GHCND:USW00094846
2019/4/19,0,0,1.06,0.5,GHCND:USW00094846
2019/4/20,0,0,1.7800000000000002,0.22000000000000003,GHCND:USW00094846
2019/4/21,0,0,2.5,0.67,GHCND:USW00094846
2019/4/22,0.05,0,2.67,1.4400000000000002,GHCND:USW00094846
2019/4/23,0,0,1.83,0.9400000000000001,GHCND:USW00094846
2019/4/24,0,0,1.7800000000000002,0.5599999999999999,GHCND:USW00094846
2019/4/25,0.48,0,1.94,0.78,GHCND:USW00094846
2019/4/26,0.05,0,1.72,0.9400000000000001,GHCND:USW00094846
2019/4/27,2.0100000000000002,64,0.9400000000000001,0,GHCND:USW00094846
2019/4/28,0,0,1.11,-0.05,GHCND:USW00094846
2019/4/29,4.010000000000001,0,1.06,0.61,GHCND:USW00094846
2019/4/30,3.3000000000000003,0,0.8300000000000001,0.33,GHCND:USW00094846
2019/5/1,2.0300000000000002,0,1.4400000000000002,0.61,GHCND:USW00094846
2019/5/2,1.55,0,0.8300000000000001,0.5,GHCND:USW00094846
2019/5/3,0.03,0,1.2800000000000002,0.44000000000000006,GHCND:USW00094846
2019/5/4,0,0,1.72,0.33,GHCND:USW00094846
2019/5/5,0,0,2.2800000000000002,0.78,GHCND:USW00094846
2019/5/6,0.13,0,2.1100000000000003,0.7200000000000001,GHCND:USW00094846
2019/5/7,1.07,0,1,0.61,GHCND:USW00094846
2019/5/8,0.81,0,2,0.78,GHCND:USW00094846
2019/5/9,2.0100000000000002,0,1.94,0.78,GHCND:USW00094846
2019/5/10,0,0,1.4400000000000002,0.67,GHCND:USW00094846
2019/5/11,0.30000000000000004,0,1.17,0.67,GHCND:USW00094846
2019/5/12,0.13,0,1.11,0.5599999999999999,GHCND:USW00094846
2019/5/13,0,0,1.6100000000000003,0.5599999999999999,GHCND:USW00094846
2019/5/14,0,0,2.17,0.5,GHCND:USW00094846
2019/5/15,0,0,2.39,1,GHCND:USW00094846
2019/5/16,1.1199999999999999,0,2.5,1.56,GHCND:USW00094846
2019/5/17,0.15000000000000002,0,2,0.7200000000000001,GHCND:USW00094846
2019/5/18,1.04,0,2.67,0.67,GHCND:USW00094846
2019/5/19,0.18000000000000002,0,2.33,0.8300000000000001,GHCND:USW00094846
2019/5/20,0,0,1.3900000000000001,0.7200000000000001,GHCND:USW00094846
2019/5/21,0.8400000000000001,0,1.22,0.7200000000000001,GHCND:USW00094846
2019/5/22,1.5,0,2.7800000000000002,0.9400000000000001,GHCND:USW00094846
2019/5/23,0.2,0,2.33,1.6100000000000003,GHCND:USW00094846
2019/5/24,0.66,0,2.39,1.22,GHCND:USW00094846
2019/5/25,0,0,2.72,2.1100000000000003,GHCND:USW00094846
2019/5/26,0,0,2.33,1.22,GHCND:USW00094846
2019/5/27,4.88,0,2.2800000000000002,1.17,GHCND:USW00094846
2019/5/28,1.6,0,2.1100000000000003,1.11,GHCND:USW00094846
2019/5/29,0.18000000000000002,0,2.39,1.11,GHCND:USW00094846
2019/5/30,0.5599999999999999,0,2.5600000000000005,1.56,GHCND:USW00094846
2019/5/31,0,0,2.72,1.56,GHCND:USW00094846
2019/6/1,0,0,2.67,1.17,GHCND:USW00094846
2019/6/2,0,0,2.1100000000000003,1.06,GHCND:USW00094846
2019/6/3,0,0,1.94,0.9400000000000001,GHCND:USW00094846
2019/6/4,0.7400000000000001,0,2.7800000000000002,1.33,GHCND:USW00094846
2019/6/5,0.7400000000000001,0,2.83,1.5,GHCND:USW00094846
2019/6/6,0,0,2.39,1.33,GHCND:USW00094846
2019/6/7,0,0,2.5600000000000005,1.2800000000000002,GHCND:USW00094846
2019/6/8,0,0,2.44,1.3900000000000001,GHCND:USW00094846
2019/6/9,0,0,2.39,1.72,GHCND:USW00094846
2019/6/10,0,0,2.33,1.56,GHCND:USW00094846
2019/6/11,0,0,2.7800000000000002,1.3900000000000001,GHCND:USW00094846
2019/6/12,1.9100000000000001,0,2.17,1.11,GHCND:USW00094846
2019/6/13,0.13,0,2,1.06,GHCND:USW00094846
2019/6/14,0.13,0,2.67,1.11,GHCND:USW00094846
2019/6/15,0.05,0,2.1100000000000003,1.22,GHCND:USW00094846
2019/6/16,0.18000000000000002,0,1.56,1.22,GHCND:USW00094846
2019/6/17,0,0,1.94,1.2800000000000002,GHCND:USW00094846
2019/6/18,0,0,2.5600000000000005,1.22,GHCND:USW00094846
2019/6/19,0.45999999999999996,0,2.22,1.33,GHCND:USW00094846
2019/6/20,0.71,0,2.17,1.22,GHCND:USW00094846
2019/6/21,0,0,2.22,1.11,GHCND:USW00094846
2019/6/22,0,0,2.6100000000000003,1.4400000000000002,GHCND:USW00094846
2019/6/23,0.97,0,2.72,1.72,GHCND:USW00094846
2019/6/24,0.43,0,2.5600000000000005,1.89,GHCND:USW00094846
2019/6/25,0.36000000000000004,0,2.94,1.67,GHCND:USW00094846
2019/6/26,0.38,0,3.17,2,GHCND:USW00094846
2019/6/27,0.05,0,3.17,2,GHCND:USW00094846
2019/6/28,0.03,0,3.2200000000000006,2.17,GHCND:USW00094846
2019/6/29,0,0,3.0600000000000005,2.06,GHCND:USW00094846
2019/6/30,0.51,0,3.28,2.1100000000000003,GHCND:USW00094846
2019/7/1,0,0,3.17,2.06,GHCND:USW00094846
2019/7/2,0.03,0,3.33,2.33,GHCND:USW00094846
2019/7/3,1.04,0,3,2.06,GHCND:USW00094846
2019/7/4,0,0,3.28,2.1100000000000003,GHCND:USW00094846
2019/7/5,1.1900000000000002,0,3.28,2.2800000000000002,GHCND:USW00094846
2019/7/6,0,0,2.83,1.94,GHCND:USW00094846
2019/7/7,0,0,2.5,1.7800000000000002,GHCND:USW00094846
2019/7/8,0,0,2.83,1.56,GHCND:USW00094846
2019/7/9,0,0,3.1100000000000003,1.6100000000000003,GHCND:USW00094846
2019/7/10,0.03,0,3.44,2.39,GHCND:USW00094846
2019/7/11,0,0,2.7800000000000002,1.83,GHCND:USW00094846
2019/7/12,0,0,3.0600000000000005,1.5,GHCND:USW00094846
2019/7/13,0,0,3.44,2.22,GHCND:USW00094846
2019/7/14,0,0,3.28,2.1100000000000003,GHCND:USW00094846
2019/7/15,0,0,3.33,2.33,GHCND:USW00094846
2019/7/16,0.13,0,2.7800000000000002,2.17,GHCND:USW00094846
2019/7/17,1.1900000000000002,0,3.33,2.33,GHCND:USW00094846
2019/7/18,3.45,0,3.0600000000000005,2.17,GHCND:USW00094846
2019/7/19,0,0,3.39,2.72,GHCND:USW00094846
2019/7/20,0.2,0,3.5,2.2800000000000002,GHCND:USW00094846
2019/7/21,1.9300000000000002,0,2.6100000000000003,1.94,GHCND:USW00094846
2019/7/22,0,0,2.39,1.67,GHCND:USW00094846
2019/7/23,0,0,2.67,1.67,GHCND:USW00094846
2019/7/24,0,0,2.72,1.67,GHCND:USW00094846
2019/7/25,0,0,2.94,1.72,GHCND:USW00094846
2019/7/26,0,0,2.94,1.94,GHCND:USW00094846
2019/7/27,0,0,3.17,2.17,GHCND:USW00094846
2019/7/28,0,0,3.17,2.2800000000000002,GHCND:USW00094846
2019/7/29,0.81,0,2.7800000000000002,2.1100000000000003,GHCND:USW00094846
2019/7/30,0,0,2.5600000000000005,1.83,GHCND:USW00094846
2019/7/31,0,0,2.44,1.5,GHCND:USW00094846
2019/8/1,0,0,2.67,1.3900000000000001,GHCND:USW00094846
2019/8/2,0,0,2.83,1.6100000000000003,GHCND:USW00094846
2019/8/3,0,0,3.17,1.72,GHCND:USW00094846
2019/8/4,0,0,3.17,2.1100000000000003,GHCND:USW00094846
2019/8/5,0,0,3.2200000000000006,2.1100000000000003,GHCND:USW00094846
2019/8/6,0.03,0,2.94,1.94,GHCND:USW00094846
2019/8/7,0,0,3.1100000000000003,1.89,GHCND:USW00094846
2019/8/8,0.03,0,3.0600000000000005,1.94,GHCND:USW00094846
2019/8/9,0,0,2.83,1.67,GHCND:USW00094846
2019/8/10,0,0,3,1.94,GHCND:USW00094846
2019/8/11,0,0,2.7800000000000002,1.94,GHCND:USW00094846
2019/8/12,1.27,0,2.89,2.17,GHCND:USW00094846
2019/8/13,0.48,0,3,1.94,GHCND:USW00094846
2019/8/14,0,0,2.83,1.89,GHCND:USW00094846
2019/8/15,0,0,2.6100000000000003,1.72,GHCND:USW00094846
2019/8/16,0,0,2.89,1.7800000000000002,GHCND:USW00094846
2019/8/17,0.45999999999999996,0,2.5,1.94,GHCND:USW00094846
2019/8/18,2.18,0,2.7800000000000002,2,GHCND:USW00094846
2019/8/19,0,0,2.94,2,GHCND:USW00094846
2019/8/20,0.8900000000000001,0,2.44,2,GHCND:USW00094846
2019/8/21,0.05,0,2.83,1.83,GHCND:USW00094846
2019/8/22,0,0,2.44,1.7800000000000002,GHCND:USW00094846
2019/8/23,0,0,2.33,1.4400000000000002,GHCND:USW00094846
2019/8/24,0,0,2.39,1.56,GHCND:USW00094846
2019/8/25,0,0,2.5600000000000005,1.6100000000000003,GHCND:USW00094846
2019/8/26,3.5600000000000005,0,2.44,1.7800000000000002,GHCND:USW00094846
2019/8/27,0,0,2.6100000000000003,1.83,GHCND:USW00094846
2019/8/28,0,0,2.39,1.5,GHCND:USW00094846
2019/8/29,0,0,2.89,1.4400000000000002,GHCND:USW00094846
2019/8/30,0,0,2.33,1.5,GHCND:USW00094846
2019/8/31,0.27999999999999997,0,2.39,1.6100000000000003,GHCND:USW00094846
2019/9/1,0.86,0,2.2800000000000002,1.67,GHCND:USW00094846
2019/9/2,0,0,2.7800000000000002,1.6100000000000003,GHCND:USW00094846
2019/9/3,0.5599999999999999,0,2.67,1.94,GHCND:USW00094846
2019/9/4,0,0,2.06,1.5,GHCND:USW00094846
2019/9/5,0,0,2.33,1.33,GHCND:USW00094846
2019/9/6,0,0,2.22,1.6100000000000003,GHCND:USW00094846
2019/9/7,0,0,2.5600000000000005,1.33,GHCND:USW00094846
2019/9/8,0.08,0,1.89,1.67,GHCND:USW00094846
2019/9/9,0.05,0,2.44,1.67,GHCND:USW00094846
2019/9/10,0,0,3.2200000000000006,2.17,GHCND:USW00094846
2019/9/11,0.48,0,3.17,2,GHCND:USW00094846
2019/9/12,0.71,0,2.5600000000000005,1.72,GHCND:USW00094846
2019/9/13,3.4299999999999997,0,2.5,1.67,GHCND:USW00094846
2019/9/14,0.15000000000000002,0,2.67,1.33,GHCND:USW00094846
2019/9/15,1.09,0,2.5600000000000005,1.72,GHCND:USW00094846
2019/9/16,0,0,2.33,1.7800000000000002,GHCND:USW00094846
2019/9/17,0,0,2.5600000000000005,1.83,GHCND:USW00094846
2019/9/18,0,0,2.7800000000000002,1.67,GHCND:USW00094846
2019/9/19,0.03,0,2.83,1.72,GHCND:USW00094846
2019/9/20,0,0,2.89,2,GHCND:USW00094846
2019/9/21,0.43,0,2.5600000000000005,2.17,GHCND:USW00094846
2019/9/22,3.73,0,2.5,1.89,GHCND:USW00094846
2019/9/23,0,0,2.33,1.5,GHCND:USW00094846
2019/9/24,0,0,2.6100000000000003,1.4400000000000002,GHCND:USW00094846
2019/9/25,0,0,2.6100000000000003,1.67,GHCND:USW00094846
2019/9/26,0,0,2.22,1.33,GHCND:USW00094846
2019/9/27,5.79,0,2.06,1.4400000000000002,GHCND:USW00094846
2019/9/28,0.48,0,1.89,1.17,GHCND:USW00094846
2019/9/29,1.4500000000000002,0,1.89,1.56,GHCND:USW00094846
2019/9/30,0,0,2.94,1.72,GHCND:USW00094846
2019/10/1,0,0,3,2,GHCND:USW00094846
2019/10/2,4.470000000000001,0,2,1.3900000000000001,GHCND:USW00094846
2019/10/3,1.4500000000000002,0,1.94,0.9400000000000001,GHCND:USW00094846
2019/10/4,0,0,1.4400000000000002,0.7200000000000001,GHCND:USW00094846
2019/10/5,0.6900000000000001,0,1.72,0.8900000000000001,GHCND:USW00094846
2019/10/6,0,0,1.94,0.9400000000000001,GHCND:USW00094846
2019/10/7,0,0,2.06,0.8900000000000001,GHCND:USW00094846
2019/10/8,0,0,2.1100000000000003,0.78,GHCND:USW00094846
2019/10/9,0,0,2.1100000000000003,1,GHCND:USW00094846
2019/10/10,0.48,0,2.1100000000000003,1.22,GHCND:USW00094846
2019/10/11,1.5,0,1.94,0.39,GHCND:USW00094846
2019/10/12,0,0,1.22,0.17,GHCND:USW00094846
2019/10/13,0,0,1.11,0.27999999999999997,GHCND:USW00094846
2019/10/14,0,0,1.22,0.27999999999999997,GHCND:USW00094846
2019/10/15,0,0,1.67,0.5,GHCND:USW00094846
2019/10/16,0,0,1.11,0.5,GHCND:USW00094846
2019/10/17,0,0,1.22,0.44000000000000006,GHCND:USW00094846
2019/10/18,0,0,1.5,0.33,GHCND:USW00094846
2019/10/19,0,0,2,0.67,GHCND:USW00094846
2019/10/20,0,0,1.72,0.8900000000000001,GHCND:USW00094846
2019/10/21,0.13,0,1.94,1,GHCND:USW00094846
2019/10/22,0.03,0,1.06,0.67,GHCND:USW00094846
2019/10/23,0.05,0,1.4400000000000002,0.39,GHCND:USW00094846
2019/10/24,0,0,1,0.5599999999999999,GHCND:USW00094846
2019/10/25,0,0,0.8900000000000001,0.27999999999999997,GHCND:USW00094846
2019/10/26,5.54,0,0.8900000000000001,0.22000000000000003,GHCND:USW00094846
2019/10/27,0.1,0,1.4400000000000002,0.5599999999999999,GHCND:USW00094846
2019/10/28,0,0,0.9400000000000001,0.5,GHCND:USW00094846
2019/10/29,0.38,0,0.7200000000000001,0.17,GHCND:USW00094846
2019/10/30,1.57,30,0.5,0,GHCND:USW00094846
2019/10/31,0.79,86,0.06,-0.38,GHCND:USW00094846
2019/11/1,0.03,0,0.67,-0.49,GHCND:USW00094846
2019/11/2,0,0,0.5599999999999999,-0.05,GHCND:USW00094846
2019/11/3,0,0,1.17,-0.1,GHCND:USW00094846
2019/11/4,0,0,1.06,0.33,GHCND:USW00094846
2019/11/5,0,0,0.44000000000000006,-0.1,GHCND:USW00094846
2019/11/6,0.03,0,1.2800000000000002,-0.16,GHCND:USW00094846
2019/11/7,0,3,-0.05,-0.66,GHCND:USW00094846
2019/11/8,0,0,0,-0.88,GHCND:USW00094846
2019/11/9,0,0,0.78,-0.27,GHCND:USW00094846
2019/11/10,0.1,0,0.61,0.06,GHCND:USW00094846
2019/11/11,0.6400000000000001,86,0.06,-1.05,GHCND:USW00094846
2019/11/12,0,0,-0.82,-1.38,GHCND:USW00094846
2019/11/13,0,0,-0.27,-1.16,GHCND:USW00094846
2019/11/14,0.03,5,-0.1,-0.43,GHCND:USW00094846
2019/11/15,0,0,0.33,-0.55,GHCND:USW00094846
2019/11/16,0,0,0.5599999999999999,-0.32,GHCND:USW00094846
2019/11/17,0.1,0,0.44000000000000006,-0.27,GHCND:USW00094846
2019/11/18,0,0,0.44000000000000006,0.11000000000000001,GHCND:USW00094846
2019/11/19,0.03,0,0.5,0.17,GHCND:USW00094846
2019/11/20,0,0,0.8300000000000001,0.33,GHCND:USW00094846
2019/11/21,1.3,0,1.22,0.27999999999999997,GHCND:USW00094846
2019/11/22,0,0,0.33,-0.21,GHCND:USW00094846
2019/11/23,0,0,0.44000000000000006,-0.43,GHCND:USW00094846
2019/11/24,0,0,1,0,GHCND:USW00094846
2019/11/25,0,0,1.17,0.27999999999999997,GHCND:USW00094846
2019/11/26,0.9400000000000001,0,1,0,GHCND:USW00094846
2019/11/27,0.6400000000000001,0,1.2800000000000002,0.06,GHCND:USW00094846
2019/11/28,0,0,0.27999999999999997,-0.05,GHCND:USW00094846
2019/11/29,0,0,0.44000000000000006,0.06,GHCND:USW00094846
2019/11/30,0.9400000000000001,0,0.44000000000000006,0.22000000000000003,GHCND:USW00094846
2019/12/1,0.27999999999999997,3,0.5,-0.05,GHCND:USW00094846
2019/12/2,0,0,0.17,-0.16,GHCND:USW00094846
2019/12/3,0,0,0.44000000000000006,-0.16,GHCND:USW00094846
2019/12/4,0,0,0.61,-0.05,GHCND:USW00094846
2019/12/5,0,0,0.7200000000000001,-0.27,GHCND:USW00094846
2019/12/6,0,0,0.5599999999999999,-0.27,GHCND:USW00094846
2019/12/7,0,0,0.27999999999999997,-0.38,GHCND:USW00094846
2019/12/8,0,0,0.8300000000000001,0.11000000000000001,GHCND:USW00094846
2019/12/9,0.13,0,0.8300000000000001,-0.43,GHCND:USW00094846
2019/12/10,0,0,-0.43,-0.99,GHCND:USW00094846
2019/12/11,0,3,-0.43,-1.05,GHCND:USW00094846
2019/12/12,0,0,0.7200000000000001,-0.71,GHCND:USW00094846
2019/12/13,0,0,0.7200000000000001,0.11000000000000001,GHCND:USW00094846
2019/12/14,0,0,0.17,-0.43,GHCND:USW00094846
2019/12/15,0,0,-0.32,-0.71,GHCND:USW00094846
2019/12/16,0.03,8,-0.1,-0.43,GHCND:USW00094846
2019/12/17,0,0,-0.16,-0.71,GHCND:USW00094846
2019/12/18,0,0,-0.27,-1.21,GHCND:USW00094846
2019/12/19,0,0,0.17,-0.93,GHCND:USW00094846
2019/12/20,0,0,0.5,-0.49,GHCND:USW00094846
2019/12/21,0,0,0.8300000000000001,0,GHCND:USW00094846
2019/12/22,0,0,1.11,0.06,GHCND:USW00094846
2019/12/23,0,0,1.11,0.06,GHCND:USW00094846
2019/12/24,0,0,1.2800000000000002,-0.1,GHCND:USW00094846
2019/12/25,0,0,1.3900000000000001,0.27999999999999997,GHCND:USW00094846
2019/12/26,0,0,1.6100000000000003,0.27999999999999997,GHCND:USW00094846
2019/12/27,0,0,0.27999999999999997,-0.21,GHCND:USW00094846
2019/12/28,0.71,0,0.8900000000000001,-0.27,GHCND:USW00094846
2019/12/29,2.3600000000000003,0,1.3900000000000001,0.8300000000000001,GHCND:USW00094846
2019/12/30,0.22999999999999998,18,0.8300000000000001,-0.27,GHCND:USW00094846
2019/12/31,0.2,20,-0.21,-0.43,GHCND:USW00094846
2020/1/1,0,0,0.5599999999999999,-0.6,GHCND:USW00094846
2020/1/2,0,0,0.8900000000000001,0.27999999999999997,GHCND:USW00094846
2020/1/3,0,0,0.5,0.06,GHCND:USW00094846
2020/1/4,0.08,13,0.06,-0.32,GHCND:USW00094846
2020/1/5,0,0,0.5599999999999999,-0.43,GHCND:USW00094846
2020/1/6,0,0,0.5599999999999999,-0.27,GHCND:USW00094846
2020/1/7,0,0,0.44000000000000006,-0.21,GHCND:USW00094846
2020/1/8,0,0,-0.16,-0.99,GHCND:USW00094846
2020/1/9,0.05,0,1,-0.49,GHCND:USW00094846
2020/1/10,2.1300000000000003,0,1,0.22000000000000003,GHCND:USW00094846
2020/1/11,0.9400000000000001,53,0.27999999999999997,-0.38,GHCND:USW00094846
2020/1/12,0,0,-0.05,-0.49,GHCND:USW00094846
2020/1/13,0,5,0.06,-0.05,GHCND:USW00094846
2020/1/14,0,0,0.39,-0.38,GHCND:USW00094846
2020/1/15,0,0,0.22000000000000003,-0.38,GHCND:USW00094846
2020/1/16,0,0,-0.16,-1.16,GHCND:USW00094846
2020/1/17,0.9400000000000001,79,-0.16,-1.16,GHCND:USW00094846
2020/1/18,1.02,0,0.17,-1.49,GHCND:USW00094846
2020/1/19,0,0,-0.71,-1.66,GHCND:USW00094846
2020/1/20,0,0,-0.05,-0.82,GHCND:USW00094846
2020/1/21,0,0,-0.16,-0.93,GHCND:USW00094846
2020/1/22,0,0,0.11000000000000001,-0.43,GHCND:USW00094846
2020/1/23,0.43,23,0.11000000000000001,-0.16,GHCND:USW00094846
2020/1/24,1.02,0,0.27999999999999997,0,GHCND:USW00094846
2020/1/25,0.30000000000000004,10,0.11000000000000001,0,GHCND:USW00094846
2020/1/26,0,0,0.06,-0.27,GHCND:USW00094846
2020/1/27,0,0,0.17,-0.27,GHCND:USW00094846
2020/1/28,0,0,0.06,-0.05,GHCND:USW00094846
2020/1/29,0,0,0.11000000000000001,-0.1,GHCND:USW00094846
2020/1/30,0,0,0.17,0,GHCND:USW00094846
2020/1/31,0.2,15,0.27999999999999997,0,GHCND:USW00094846
2020/2/1,0.03,0,0.33,0.11000000000000001,GHCND:USW00094846
2020/2/2,0,0,1.11,0.17,GHCND:USW00094846
2020/2/3,0,0,0.8900000000000001,-0.1,GHCND:USW00094846
2020/2/4,0,0,0.39,-0.05,GHCND:USW00094846
2020/2/5,0.18000000000000002,25,0.06,-0.27,GHCND:USW00094846
2020/2/6,0.13,36,-0.1,-0.27,GHCND:USW00094846
2020/2/7,0,5,0.33,-0.43,GHCND:USW00094846
2020/2/8,0,0,0.27999999999999997,-0.21,GHCND:USW00094846
2020/2/9,0.36000000000000004,25,0.27999999999999997,-0.38,GHCND:USW00094846
2020/2/10,0,0,0.39,-0.32,GHCND:USW00094846
2020/2/11,0,0,0.17,-0.32,GHCND:USW00094846
2020/2/12,0.45999999999999996,51,0.27999999999999997,-0.43,GHCND:USW00094846
2020/2/13,0.08,38,0,-1.55,GHCND:USW00094846
2020/2/14,0,0,-0.93,-1.88,GHCND:USW00094846
2020/2/15,0,0,0.06,-1.38,GHCND:USW00094846
2020/2/16,0,0,0.61,-0.66,GHCND:USW00094846
2020/2/17,0.33,0,0.5,-0.21,GHCND:USW00094846
2020/2/18,0,0,0.39,-0.38,GHCND:USW00094846
2020/2/19,0,0,-0.05,-0.88,GHCND:USW00094846
2020/2/20,0,0,-0.38,-1.27,GHCND:USW00094846
2020/2/21,0,0,0.33,-1.1,GHCND:USW00094846
2020/2/22,0,0,1.06,-0.21,GHCND:USW00094846
2020/2/23,0,0,1.2800000000000002,0.17,GHCND:USW00094846
2020/2/24,0,0,0.61,0.17,GHCND:USW00094846
2020/2/25,0.15000000000000002,18,0.5,0.06,GHCND:USW00094846
2020/2/26,0.25,25,0.06,-0.32,GHCND:USW00094846
2020/2/27,0,0,0,-0.6,GHCND:USW00094846
2020/2/28,0,0,-0.1,-0.71,GHCND:USW00094846
2020/2/29,0,0,0.27999999999999997,-0.82,GHCND:USW00094846
2020/3/1,0,0,1.56,-0.1,GHCND:USW00094846
2020/3/2,0,0,1,0.11000000000000001,GHCND:USW00094846
2020/3/3,0,0,0.9400000000000001,0,GHCND:USW00094846
2020/3/4,0,0,0.9400000000000001,0,GHCND:USW00094846
2020/3/5,0,0,1.17,0.06,GHCND:USW00094846
2020/3/6,0,0,0.44000000000000006,-0.21,GHCND:USW00094846
2020/3/7,0,0,1.17,-0.38,GHCND:USW00094846
2020/3/8,0,0,1.94,0.5599999999999999,GHCND:USW00094846
2020/3/9,2.1100000000000003,0,1.3900000000000001,0.8900000000000001,GHCND:USW00094846
2020/3/10,0,0,1.06,0.17,GHCND:USW00094846
2020/3/11,0,0,0.7200000000000001,0.22000000000000003,GHCND:USW00094846
2020/3/12,0.03,0,1.4400000000000002,0.27999999999999997,GHCND:USW00094846
2020/3/13,0,0,1,0.11000000000000001,GHCND:USW00094846
2020/3/14,0.03,0,0.44000000000000006,0.06,GHCND:USW00094846
2020/3/15,0,0,0.5599999999999999,-0.05,GHCND:USW00094846
2020/3/16,0.1,0,0.44000000000000006,-0.1,GHCND:USW00094846
2020/3/17,0,0,1,0.22000000000000003,GHCND:USW00094846
2020/3/18,0.7400000000000001,0,0.78,0.39,GHCND:USW00094846
2020/3/19,0.5599999999999999,0,1.7800000000000002,0.5,GHCND:USW00094846
2020/3/20,0.15000000000000002,0,1.72,-0.05,GHCND:USW00094846
2020/3/21,0,0,0.17,-0.32,GHCND:USW00094846
2020/3/22,0.41,56,0.27999999999999997,-0.32,GHCND:USW00094846
2020/3/23,0.13,25,0.7200000000000001,0.06,GHCND:USW00094846
2020/3/24,0,0,0.9400000000000001,0.11000000000000001,GHCND:USW00094846
2020/3/25,0,0,1.4400000000000002,0,GHCND:USW00094846
2020/3/26,0,0,1.11,0.33,GHCND:USW00094846
2020/3/27,0.8400000000000001,0,1,0.27999999999999997,GHCND:USW00094846
2020/3/28,3.7600000000000002,0,1.94,0.67,GHCND:USW00094846
2020/3/29,0,0,1.72,0.67,GHCND:USW00094846
2020/3/30,0,0,1.06,0.39,GHCND:USW00094846
2020/3/31,0,0,0.61,0.27999999999999997,GHCND:USW00094846
2020/4/1,0,0,1.17,0.33,GHCND:USW00094846
2020/4/2,0,0,1.6100000000000003,0.11000000000000001,GHCND:USW00094846
2020/4/3,0,0,2.1100000000000003,0.78,GHCND:USW00094846
2020/4/4,0.15000000000000002,0,1.11,0.27999999999999997,GHCND:USW00094846
2020/4/5,0,0,1.11,0.17,GHCND:USW00094846
2020/4/6,0.03,0,1.7800000000000002,0.17,GHCND:USW00094846
2020/4/7,0.1,0,2.67,1.06,GHCND:USW00094846
2020/4/8,0.5599999999999999,0,2.33,0.8900000000000001,GHCND:USW00094846
2020/4/9,0,0,1,0.22000000000000003,GHCND:USW00094846
2020/4/10,0,0,1,0.06,GHCND:USW00094846
2020/4/11,0.43,0,1.72,0.5599999999999999,GHCND:USW00094846
2020/4/12,0.33,0,1.89,0.9400000000000001,GHCND:USW00094846
2020/4/13,0.05,0,1.33,0.11000000000000001,GHCND:USW00094846
2020/4/14,0,0,0.5,-0.1,GHCND:USW00094846
2020/4/15,0.25,43,0.44000000000000006,-0.27,GHCND:USW00094846
2020/4/16,0,0,0.8300000000000001,-0.21,GHCND:USW00094846
2020/4/17,0.7400000000000001,76,0.5599999999999999,0.11000000000000001,GHCND:USW00094846
2020/4/18,0,0,1.5,0.11000000000000001,GHCND:USW00094846
2020/4/19,0,0,1.67,0.39,GHCND:USW00094846
2020/4/20,0.1,0,1.7800000000000002,0.22000000000000003,GHCND:USW00094846
2020/4/21,0,0,1.17,0.22000000000000003,GHCND:USW00094846
2020/4/22,0.15000000000000002,0,1.72,0.44000000000000006,GHCND:USW00094846
2020/4/23,0,0,1.3900000000000001,0.61,GHCND:USW00094846
2020/4/24,0,0,1,0.44000000000000006,GHCND:USW00094846
2020/4/25,0.48,0,0.8300000000000001,0.5599999999999999,GHCND:USW00094846
2020/4/26,0,0,1.72,0.5,GHCND:USW00094846
2020/4/27,0.41,0,2,0.44000000000000006,GHCND:USW00094846
2020/4/28,0.6900000000000001,0,2.44,0.8900000000000001,GHCND:USW00094846
2020/4/29,4.800000000000001,0,1.6100000000000003,0.61,GHCND:USW00094846
2020/4/30,0.41,0,1.33,0.5599999999999999,GHCND:USW00094846
2020/5/1,0,0,2,0.33,GHCND:USW00094846
2020/5/2,0,0,2.5,1.5,GHCND:USW00094846
2020/5/3,0,0,2.33,0.8900000000000001,GHCND:USW00094846
2020/5/4,0,0,0.8900000000000001,0.44000000000000006,GHCND:USW00094846
2020/5/5,0.22999999999999998,0,0.9400000000000001,0.44000000000000006,GHCND:USW00094846
2020/5/6,0,0,1.72,0.44000000000000006,GHCND:USW00094846
2020/5/7,0,0,1.89,0.7200000000000001,GHCND:USW00094846
2020/5/8,0,0,0.78,0.11000000000000001,GHCND:USW00094846
2020/5/9,0,0,1.5,-0.05,GHCND:USW00094846
2020/5/10,0.51,0,1.2800000000000002,0.27999999999999997,GHCND:USW00094846
2020/5/11,0,0,1.11,0.5,GHCND:USW00094846
2020/5/12,0,0,1.72,0.5,GHCND:USW00094846
2020/5/13,0.2,0,2.06,0.5599999999999999,GHCND:USW00094846
2020/5/14,8.97,0,2.2800000000000002,1.22,GHCND:USW00094846
2020/5/15,1.7300000000000002,0,2.6100000000000003,1.22,GHCND:USW00094846
2020/5/16,1.42,0,1.94,1,GHCND:USW00094846
2020/5/17,7.9,0,2,1.17,GHCND:USW00094846
2020/5/18,0,0,1.7800000000000002,1.17,GHCND:USW00094846
2020/5/19,0.6400000000000001,0,1.5,1.11,GHCND:USW00094846
2020/5/20,0,0,1.89,1.17,GHCND:USW00094846
2020/5/21,0,0,2.1100000000000003,1.3900000000000001,GHCND:USW00094846
2020/5/22,0,0,2.22,1.3900000000000001,GHCND:USW00094846
2020/5/23,1.32,0,2.7800000000000002,1.2800000000000002,GHCND:USW00094846
2020/5/24,0,0,3.2200000000000006,1.7800000000000002,GHCND:USW00094846
2020/5/25,0.45999999999999996,0,3.1100000000000003,2.06,GHCND:USW00094846
2020/5/26,0.18000000000000002,0,3.17,2,GHCND:USW00094846
2020/5/27,0.08,0,3.0600000000000005,2.22,GHCND:USW00094846
2020/5/28,0.53,0,2.7800000000000002,1.67,GHCND:USW00094846
2020/5/29,0,0,2.44,1.4400000000000002,GHCND:USW00094846
2020/5/30,0,0,2.2800000000000002,1.22,GHCND:USW00094846
2020/5/31,0,0,2.06,1,GHCND:USW00094846
2020/6/1,0.05,0,2.44,1.17,GHCND:USW00094846
2020/6/2,0,0,3.44,1.94,GHCND:USW00094846
2020/6/3,0.48,0,3.0600000000000005,1.94,GHCND:USW00094846
2020/6/4,0,0,3.1100000000000003,2.1100000000000003,GHCND:USW00094846
2020/6/5,0,0,3.17,2.1100000000000003,GHCND:USW00094846
2020/6/6,0,0,2.44,1.5,GHCND:USW00094846
2020/6/7,0,0,2.6100000000000003,1.33,GHCND:USW00094846
2020/6/8,0,0,3.2200000000000006,1.67,GHCND:USW00094846
2020/6/9,0.66,0,3.28,2.2800000000000002,GHCND:USW00094846
2020/6/10,0.76,0,2.89,1.67,GHCND:USW00094846
2020/6/11,0,0,2.7800000000000002,1.5,GHCND:USW00094846
2020/6/12,0,0,2.39,1.22,GHCND:USW00094846
2020/6/13,0,0,1.89,1.11,GHCND:USW00094846
2020/6/14,0,0,2,1.17,GHCND:USW00094846
2020/6/15,0,0,2.2800000000000002,1.11,GHCND:USW00094846
2020/6/16,0,0,3,1.3900000000000001,GHCND:USW00094846
2020/6/17,0,0,3.0600000000000005,1.7800000000000002,GHCND:USW00094846
2020/6/18,0,0,3.2200000000000006,1.89,GHCND:USW00094846
2020/6/19,0,0,3.39,2.06,GHCND:USW00094846
2020/6/20,0.48,0,3.28,2.17,GHCND:USW00094846
2020/6/21,0,0,2.89,2.06,GHCND:USW00094846
2020/6/22,3.94,0,3.1100000000000003,1.94,GHCND:USW00094846
2020/6/23,0,0,2.5600000000000005,1.72,GHCND:USW00094846
2020/6/24,0.1,0,2.72,1.6100000000000003,GHCND:USW00094846
2020/6/25,0,0,3,1.67,GHCND:USW00094846
2020/6/26,3.94,0,2.72,2.1100000000000003,GHCND:USW00094846
2020/6/27,0,0,3.1100000000000003,2.22,GHCND:USW00094846
2020/6/28,0,0,2.94,2.22,GHCND:USW00094846
2020/6/29,0.76,0,3.39,2.22,GHCND:USW00094846
2020/6/30,0,0,3.28,2.2800000000000002,GHCND:USW00094846
2020/7/1,0,0,3.17,2.17,GHCND:USW00094846
2020/7/2,0,0,3.28,2.06,GHCND:USW00094846
2020/7/3,0,0,3.28,2.06,GHCND:USW00094846
2020/7/4,0,0,3.17,2.17,GHCND:USW00094846
2020/7/5,0,0,3.44,2.17,GHCND:USW00094846
2020/7/6,0,0,3.5,2.39,GHCND:USW00094846
2020/7/7,0.48,0,3.5600000000000005,2.2800000000000002,GHCND:USW00094846
2020/7/8,0,0,3.39,2.33,GHCND:USW00094846
2020/7/9,1.6,0,3.39,2.2800000000000002,GHCND:USW00094846
2020/7/10,0.8400000000000001,0,3,2.17,GHCND:USW00094846
2020/7/11,0,0,2.94,2.17,GHCND:USW00094846
2020/7/12,0,0,2.6100000000000003,2,GHCND:USW00094846
2020/7/13,0,0,2.89,1.83,GHCND:USW00094846
2020/7/14,0,0,3,2,GHCND:USW00094846
2020/7/15,1.17,0,3.1100000000000003,1.89,GHCND:USW00094846
2020/7/16,0,0,2.94,2,GHCND:USW00094846
2020/7/17,0,0,3.2200000000000006,2,GHCND:USW00094846
2020/7/18,0,0,3.28,2.5,GHCND:USW00094846
2020/7/19,0.45999999999999996,0,2.89,2.2800000000000002,GHCND:USW00094846
2020/7/20,0,0,3.0600000000000005,2,GHCND:USW00094846
2020/7/21,0.08,0,2.83,2.2800000000000002,GHCND:USW00094846
2020/7/22,0,0,3.1100000000000003,2.1100000000000003,GHCND:USW00094846
2020/7/23,0,0,2.83,1.83,GHCND:USW00094846
2020/7/24,0,0,3.0600000000000005,1.83,GHCND:USW00094846
2020/7/25,0,0,3.33,2.06,GHCND:USW00094846
2020/7/26,0.15000000000000002,0,3.5600000000000005,2.44,GHCND:USW00094846
2020/7/27,0.03,0,3.0600000000000005,2.22,GHCND:USW00094846
2020/7/28,0,0,3.17,2.06,GHCND:USW00094846
2020/7/29,1.4500000000000002,0,3.28,2.2800000000000002,GHCND:USW00094846
2020/7/30,0.22999999999999998,0,2.83,2,GHCND:USW00094846
2020/7/31,0,0,2.7800000000000002,1.89,GHCND:USW00094846
2020/8/1,0,0,2.67,2.06,GHCND:USW00094846
2020/8/2,0.13,0,3,1.94,GHCND:USW00094846
2020/8/3,0,0,2.22,1.6100000000000003,GHCND:USW00094846
2020/8/4,0,0,2.44,1.5,GHCND:USW00094846
2020/8/5,0,0,2.5600000000000005,1.33,GHCND:USW00094846
2020/8/6,0,0,2.7800000000000002,1.89,GHCND:USW00094846
2020/8/7,0,0,3,1.67,GHCND:USW00094846
2020/8/8,0,0,3.17,2,GHCND:USW00094846
2020/8/9,0.15000000000000002,0,3.39,2.2800000000000002,GHCND:USW00094846
2020/8/10,1.04,0,3.28,2.06,GHCND:USW00094846
2020/8/11,0,0,2.94,1.89,GHCND:USW00094846
2020/8/12,0,0,3,1.7800000000000002,GHCND:USW00094846
2020/8/13,0,0,3.0600000000000005,2.06,GHCND:USW00094846
2020/8/14,0,0,3.2200000000000006,2,GHCND:USW00094846
2020/8/15,0.6400000000000001,0,3.28,2.06,GHCND:USW00094846
2020/8/16,0,0,3,1.7800000000000002,GHCND:USW00094846
2020/8/17,0,0,3,2.06,GHCND:USW00094846
2020/8/18,0,0,2.5600000000000005,1.89,GHCND:USW00094846
2020/8/19,0,0,2.89,1.67,GHCND:USW00094846
2020/8/20,0,0,3,1.7800000000000002,GHCND:USW00094846
2020/8/21,0,0,3.1100000000000003,1.94,GHCND:USW00094846
2020/8/22,0,0,3.17,1.94,GHCND:USW00094846
2020/8/23,0,0,3.33,2.1100000000000003,GHCND:USW00094846
2020/8/24,0,0,3.6100000000000003,2.22,GHCND:USW00094846
2020/8/25,0.08,0,3.28,2.22,GHCND:USW00094846
2020/8/26,0,0,3.44,2.44,GHCND:USW00094846
2020/8/27,0,0,3.5,2.5600000000000005,GHCND:USW00094846
2020/8/28,0,0,3.5,2.5,GHCND:USW00094846
2020/8/29,0,0,2.7800000000000002,1.89,GHCND:USW00094846
2020/8/30,0,0,2.6100000000000003,1.56,GHCND:USW00094846
2020/8/31,0,0,2.94,1.89,GHCND:USW00094846
2020/9/1,0.48,0,2.39,2.06,GHCND:USW00094846
2020/9/2,0.13,0,3.1100000000000003,2.06,GHCND:USW00094846
2020/9/3,0,0,3.1100000000000003,1.83,GHCND:USW00094846
2020/9/4,0,0,2.67,1.33,GHCND:USW00094846
2020/9/5,0,0,2.7800000000000002,1.7800000000000002,GHCND:USW00094846
2020/9/6,1.52,0,2.83,1.5,GHCND:USW00094846
2020/9/7,0.58,0,2.67,1.67,GHCND:USW00094846
2020/9/8,1.6300000000000001,0,1.83,1.56,GHCND:USW00094846
2020/9/9,1.42,0,1.7800000000000002,1.3900000000000001,GHCND:USW00094846
2020/9/10,0.45999999999999996,0,2,1.2800000000000002,GHCND:USW00094846
2020/9/11,0.15000000000000002,0,2,1.6100000000000003,GHCND:USW00094846
2020/9/12,0.6400000000000001,0,2.2800000000000002,1.72,GHCND:USW00094846
2020/9/13,0.05,0,2.5,1.6100000000000003,GHCND:USW00094846
2020/9/14,0,0,2.5,1.4400000000000002,GHCND:USW00094846
2020/9/15,0,0,2.6100000000000003,1.56,GHCND:USW00094846
2020/9/16,0,0,2.89,1.72,GHCND:USW00094846
2020/9/17,0,0,2.06,1.4400000000000002,GHCND:USW00094846
2020/9/18,0,0,1.6100000000000003,0.9400000000000001,GHCND:USW00094846
2020/9/19,0,0,1.94,0.78,GHCND:USW00094846
2020/9/20,0,0,2.2800000000000002,0.8900000000000001,GHCND:USW00094846
2020/9/21,0,0,2.39,1.17,GHCND:USW00094846
2020/9/22,0,0,2.6100000000000003,1.22,GHCND:USW00094846
2020/9/23,0,0,2.6100000000000003,1.5,GHCND:USW00094846
2020/9/24,0,0,2.6100000000000003,1.4400000000000002,GHCND:USW00094846
2020/9/25,0,0,2.67,1.6100000000000003,GHCND:USW00094846
2020/9/26,0,0,2.6100000000000003,1.7800000000000002,GHCND:USW00094846
2020/9/27,0.48,0,2.5,1.2800000000000002,GHCND:USW00094846
2020/9/28,0.53,0,1.72,1.06,GHCND:USW00094846
2020/9/29,0,0,1.56,0.78,GHCND:USW00094846
2020/9/30,0,0,1.94,1.11,GHCND:USW00094846
2020/10/1,0.53,0,1.5,0.8300000000000001,GHCND:USW00094846
2020/10/2,0,0,1.2800000000000002,0.5599999999999999,GHCND:USW00094846
2020/10/3,0.27999999999999997,0,1.33,0.78,GHCND:USW00094846
2020/10/4,0,0,1.3900000000000001,0.44000000000000006,GHCND:USW00094846
2020/10/5,0,0,1.72,0.33,GHCND:USW00094846
2020/10/6,0,0,2.39,1.11,GHCND:USW00094846
2020/10/7,0,0,2.44,1.17,GHCND:USW00094846
2020/10/8,0,0,2.1100000000000003,1,GHCND:USW00094846
2020/10/9,0,0,2.7800000000000002,1.11,GHCND:USW00094846
2020/10/10,0,0,2.5,1.3900000000000001,GHCND:USW00094846
2020/10/11,0,0,2.06,1.33,GHCND:USW00094846
2020/10/12,0.27999999999999997,0,1.94,1,GHCND:USW00094846
2020/10/13,0,0,2.2800000000000002,0.78,GHCND:USW00094846
2020/10/14,0,0,2.6100000000000003,0.8300000000000001,GHCND:USW00094846
2020/10/15,0,0,1.7800000000000002,0.5,GHCND:USW00094846
2020/10/16,0.03,0,1.17,0.27999999999999997,GHCND:USW00094846
2020/10/17,0,0,1.83,0.27999999999999997,GHCND:USW00094846
2020/10/18,0.45999999999999996,0,1.56,0.44000000000000006,GHCND:USW00094846
2020/10/19,0.13,0,1,0.33,GHCND:USW00094846
2020/10/20,0.48,0,1.17,0.33,GHCND:USW00094846
2020/10/21,0.97,0,1.5,0.8300000000000001,GHCND:USW00094846
2020/10/22,4.24,0,2.5600000000000005,0.8300000000000001,GHCND:USW00094846
2020/10/23,1.6500000000000001,0,2.22,0.33,GHCND:USW00094846
2020/10/24,0,0,0.9400000000000001,0.11000000000000001,GHCND:USW00094846
2020/10/25,0,0,0.8300000000000001,0.39,GHCND:USW00094846
2020/10/26,0.15000000000000002,0,0.39,0.11000000000000001,GHCND:USW00094846
2020/10/27,0.08,0,0.33,0.06,GHCND:USW00094846
2020/10/28,0,0,1.06,-0.05,GHCND:USW00094846
2020/10/29,0,0,0.9400000000000001,0.17,GHCND:USW00094846
2020/10/30,0,0,0.67,-0.05,GHCND:USW00094846
2020/10/31,0,0,1.5,-0.1,GHCND:USW00094846
2020/11/1,0,0,1.2800000000000002,-0.1,GHCND:USW00094846
2020/11/2,0,0,1.06,-0.21,GHCND:USW00094846
2020/11/3,0,0,2.06,0.39,GHCND:USW00094846
2020/11/4,0,0,2.33,1.11,GHCND:USW00094846
2020/11/5,0,0,2.17,1.2800000000000002,GHCND:USW00094846
2020/11/6,0,0,2.33,1.06,GHCND:USW00094846
2020/11/7,0,0,2.22,1.22,GHCND:USW00094846
2020/11/8,0,0,2.44,1.11,GHCND:USW00094846
2020/11/9,0,0,2.44,1.72,GHCND:USW00094846
2020/11/10,0.81,0,2.39,0.5599999999999999,GHCND:USW00094846
2020/11/11,0,0,0.7200000000000001,0.17,GHCND:USW00094846
2020/11/12,0.05,0,1.22,0.17,GHCND:USW00094846
2020/11/13,0,0,0.78,-0.1,GHCND:USW00094846
2020/11/14,0.66,0,1.06,-0.16,GHCND:USW00094846
2020/11/15,0.18000000000000002,0,1.2800000000000002,0.11000000000000001,GHCND:USW00094846
2020/11/16,0,0,0.8300000000000001,0,GHCND:USW00094846
2020/11/17,0,0,0.5599999999999999,-0.16,GHCND:USW00094846
2020/11/18,0,0,1.06,0.11000000000000001,GHCND:USW00094846
2020/11/19,0,0,1.89,0.8900000000000001,GHCND:USW00094846
2020/11/20,0,0,1.6100000000000003,0.61,GHCND:USW00094846
2020/11/21,0,0,0.8900000000000001,0.22000000000000003,GHCND:USW00094846
2020/11/22,0,0,0.8300000000000001,0.5,GHCND:USW00094846
2020/11/23,0,0,0.78,0.06,GHCND:USW00094846
2020/11/24,1.47,18,0.7200000000000001,0.06,GHCND:USW00094846
2020/11/25,1.1900000000000002,0,0.8300000000000001,0.67,GHCND:USW00094846
2020/11/26,0,0,0.78,0.5,GHCND:USW00094846
2020/11/27,0,0,0.7200000000000001,0.06,GHCND:USW00094846
2020/11/28,0,0,1,-0.16,GHCND:USW00094846
2020/11/29,0,0,0.9400000000000001,0.27999999999999997,GHCND:USW00094846
2020/11/30,0,0,0.27999999999999997,-0.16,GHCND:USW00094846
2020/12/1,0,0,0.17,-0.38,GHCND:USW00094846
2020/12/2,0,0,0.8900000000000001,-0.38,GHCND:USW00094846
2020/12/3,0,0,0.67,-0.1,GHCND:USW00094846
2020/12/4,0,0,0.78,-0.1,GHCND:USW00094846
2020/12/5,0,0,0.5,-0.16,GHCND:USW00094846
2020/12/6,0,0,0.27999999999999997,0.11000000000000001,GHCND:USW00094846
2020/12/7,0,0,0.33,0.06,GHCND:USW00094846
2020/12/8,0,0,0.22000000000000003,0.06,GHCND:USW00094846
2020/12/9,0,0,1.17,0,GHCND:USW00094846
2020/12/10,0,0,1.3900000000000001,-0.05,GHCND:USW00094846
2020/12/11,2.08,0,0.67,0.22000000000000003,GHCND:USW00094846
2020/12/12,2.16,0,0.5599999999999999,-0.1,GHCND:USW00094846
2020/12/13,0,0,0.22000000000000003,-0.27,GHCND:USW00094846
2020/12/14,0,0,0,-0.6,GHCND:USW00094846
2020/12/15,0,0,0.11000000000000001,-0.77,GHCND:USW00094846
2020/12/16,0,0,0.11000000000000001,-0.16,GHCND:USW00094846
2020/12/17,0,0,0.17,-0.27,GHCND:USW00094846
2020/12/18,0,0,0.27999999999999997,-0.43,GHCND:USW00094846
2020/12/19,0,0,0.61,0.22000000000000003,GHCND:USW00094846
2020/12/20,0,0,0.5,0,GHCND:USW00094846
2020/12/21,0,0,0.78,0.06,GHCND:USW00094846
2020/12/22,0,0,0.5599999999999999,0,GHCND:USW00094846
2020/12/23,0.43,0,1.4400000000000002,-0.32,GHCND:USW00094846
2020/12/24,0,5,-0.32,-1.27,GHCND:USW00094846
2020/12/25,0,0,-0.55,-1.32,GHCND:USW00094846
2020/12/26,0,0,0.06,-0.71,GHCND:USW00094846
2020/12/27,0,0,0.8300000000000001,-0.38,GHCND:USW00094846
2020/12/28,0,0,0.11000000000000001,-0.6,GHCND:USW00094846
2020/12/29,1.32,66,0,-0.77,GHCND:USW00094846
2020/12/30,0.48,0,0.17,-0.32,GHCND:USW00094846
2020/12/31,0,0,-0.16,-0.77,GHCND:USW00094846
